name,ID,Probe_vs_Competition_p.val,Vehicle_vs_Competition_p.val,Vehicle_vs_Probe_p.val,Probe_vs_Competition_p.adj,Vehicle_vs_Competition_p.adj,Vehicle_vs_Probe_p.adj,Probe_vs_Competition_significant,Vehicle_vs_Competition_significant,Vehicle_vs_Probe_significant,significant,Probe_vs_Competition_ratio,Vehicle_vs_Competition_ratio,Vehicle_vs_Probe_ratio,Competition_centered,Probe_centered,Vehicle_centered
ATP5B,P06576,0.0014737078069954317,0.11530532980164199,4.195159725574167e-4,7.91e-14,0.317,2.41e-9,TRUE,FALSE,TRUE,TRUE,2.33,-0.713,-3.04,-0.539,1.79,-1.25
CTSD,P07339,0.4202888810093408,0.012356467650743674,0.005239109992068017,0.299,8.48e-4,0.00731,FALSE,FALSE,TRUE,TRUE,0.418,-1.8,-2.22,0.462,0.88,-1.34
TIMM17B,O60830,0.19032474162716717,3.9471180327937575e-4,1.7376757167846834e-4,0.00883,7.92e-14,1.69e-13,FALSE,TRUE,TRUE,TRUE,0.413,-2.24,-2.66,0.61,1.02,-1.63
VDAC1,P21796,0.6756018911908032,0.0020195170934251398,0.0014407336715932411,0.771,1.1e-8,1.44e-5,FALSE,TRUE,TRUE,TRUE,0.232,-3.02,-3.25,0.929,1.16,-2.09
ZMPSTE24,O75844,0.3301756423755946,0.02504572628385238,0.007994389947718767,0.147,0.0116,0.0312,FALSE,FALSE,TRUE,TRUE,0.54,-1.57,-2.11,0.345,0.885,-1.23
AARS,P49588,0.8279343096605157,0.8186100530321538,0.6576027754836709,0.876,0.908,0.981,FALSE,FALSE,FALSE,FALSE,0.0542,-0.0572,-0.111,0.001,0.0552,-0.0562
ABCE1,P61221,0.7308602957530921,0.7999943193261277,0.5556104623004976,0.82,0.905,0.978,FALSE,FALSE,FALSE,FALSE,0.0883,-0.0649,-0.153,-0.00782,0.0805,-0.0727
ACADVL,P49748,0.9936158366823944,0.658718835849698,0.6531167969646893,0.924,0.882,0.981,FALSE,FALSE,FALSE,FALSE,0.00253,-0.141,-0.144,0.0462,0.0488,-0.095
ACLY,P53396,0.6857042912140294,0.2695887594686191,0.4543923042746816,0.781,0.669,0.974,FALSE,FALSE,FALSE,FALSE,-0.0891,-0.257,-0.168,0.115,0.0264,-0.142
ACTB,P60709,0.884914022904943,0.2817334636055607,0.34046947277591033,0.898,0.685,0.966,FALSE,FALSE,FALSE,FALSE,-0.0214,-0.169,-0.148,0.0634,0.0421,-0.105
ACTN1,P12814,0.9491906686271032,0.46780858579356016,0.43286739602422786,0.915,0.824,0.973,FALSE,FALSE,FALSE,FALSE,0.0151,-0.177,-0.193,0.0541,0.0692,-0.123
ACTN4,O43707,0.665604172894416,0.8919903203335149,0.573534923956547,0.76,0.916,0.979,FALSE,FALSE,FALSE,FALSE,0.0929,-0.0289,-0.122,-0.0213,0.0716,-0.0502
ACTR3,P61158,0.5649962759938199,0.7001686860308513,0.35253338445120247,0.611,0.89,0.968,FALSE,FALSE,FALSE,FALSE,0.139,-0.0924,-0.232,-0.0157,0.124,-0.108
AHSA1,O95433,0.8176972993878728,0.9443215552995206,0.8720318382997787,0.872,0.921,0.985,FALSE,FALSE,FALSE,FALSE,0.0497,0.015,-0.0347,-0.0216,0.0281,-0.00655
AIFM1,O95831,0.9292770243861058,0.2793958048859355,0.24824150536264472,0.91,0.682,0.954,FALSE,FALSE,FALSE,FALSE,0.0134,-0.174,-0.187,0.0534,0.0668,-0.12
ALB,P02768,0.8432325806002889,0.1405323354899537,0.1841705131910675,0.883,0.379,0.938,FALSE,FALSE,FALSE,FALSE,0.183,1.53,1.35,-0.57,-0.388,0.958
ALDH9A1,P49189,0.5527621068596119,0.6726355566544288,0.85871997566458,0.587,0.885,0.985,FALSE,FALSE,FALSE,FALSE,0.119,0.0837,-0.035,-0.0675,0.0512,0.0162
ALDOA,P04075,0.9353699181734312,0.9383282854393998,0.9970293830850615,0.912,0.921,0.987,FALSE,FALSE,FALSE,FALSE,0.0176,0.0167,-8.06e-4,-0.0114,0.00612,0.00531
ALDOC,P09972,0.6505555175192048,0.9746957500206369,0.6286493898270341,0.743,0.924,0.981,FALSE,FALSE,FALSE,FALSE,-0.0876,0.00607,0.0936,0.0272,-0.0604,0.0332
ANKLE2,Q86XL3,0.45245129696009767,0.01143258270676087,0.005182900580195314,0.355,6.32e-4,0.00702,FALSE,FALSE,FALSE,FALSE,0.318,-1.51,-1.83,0.397,0.716,-1.11
ANP32A,P39687,0.9713934622678788,0.6525794473242932,0.6278009726482374,0.92,0.881,0.981,FALSE,FALSE,FALSE,FALSE,-0.0156,0.198,0.214,-0.0609,-0.0766,0.138
ANXA1,P04083,0.5487422257993073,0.17275404340924275,0.38843822132248085,0.579,0.478,0.97,FALSE,FALSE,FALSE,FALSE,0.273,0.675,0.401,-0.316,-0.0427,0.359
ANXA2,P07355,0.6005876265243901,0.1487660017646886,0.30440478610443045,0.673,0.406,0.963,FALSE,FALSE,FALSE,FALSE,0.353,1.08,0.723,-0.477,-0.123,0.6
ANXA6,P08133,0.7444790457168475,0.7135439320211279,0.9665298570065817,0.83,0.892,0.987,FALSE,FALSE,FALSE,FALSE,0.0512,0.0577,0.00655,-0.0363,0.0149,0.0214
ANXA7,P20073,0.22524379648711873,0.05914679800140421,0.3454084472731959,0.0208,0.11,0.967,FALSE,FALSE,FALSE,FALSE,0.197,0.346,0.149,-0.181,0.0162,0.165
AP2A1,O95782,0.8712138427431364,0.27786193154499916,0.2236220890954261,0.893,0.68,0.949,FALSE,FALSE,FALSE,FALSE,0.0269,-0.192,-0.219,0.055,0.0819,-0.137
APEH,P13798,0.2830670776663792,0.17991696488647135,0.7378511573510192,0.0757,0.497,0.983,FALSE,FALSE,FALSE,FALSE,0.165,0.213,0.0485,-0.126,0.0387,0.0872
APEX1,P27695,0.8927395628302017,0.5964806743466634,0.6898491817616622,0.9,0.868,0.982,FALSE,FALSE,FALSE,FALSE,-0.0302,-0.12,-0.0902,0.0502,0.02,-0.0702
APRT,P07741,0.9489836258277553,0.20717716190601476,0.2258950480756877,0.915,0.562,0.95,FALSE,FALSE,FALSE,FALSE,0.0136,0.291,0.278,-0.102,-0.0881,0.19
ARCN1,P48444,0.9393962337978856,0.7886594725752898,0.7316126019440823,0.913,0.904,0.983,FALSE,FALSE,FALSE,FALSE,0.0152,-0.0536,-0.0688,0.0128,0.028,-0.0408
ARG1,P05089,0.5615552325000199,0.15923534931011413,0.3509080980458528,0.605,0.439,0.967,FALSE,FALSE,FALSE,FALSE,0.555,1.47,0.919,-0.677,-0.121,0.798
ARPC2,O15144,0.9399913145773644,0.7562986402179458,0.8134850472905678,0.913,0.899,0.984,FALSE,FALSE,FALSE,FALSE,0.0664,0.275,0.209,-0.114,-0.0474,0.161
ASS1,P00966,0.5235195788672722,0.7506813101288027,0.7409958767067913,0.525,0.898,0.983,FALSE,FALSE,FALSE,FALSE,-0.181,-0.0886,0.0922,0.0898,-0.091,0.0012
ATAD3B,Q5T9A4,0.37325040982736185,0.0031246566094987067,0.0014457139434936909,0.221,2.14e-7,1.46e-5,FALSE,FALSE,FALSE,FALSE,0.145,-0.778,-0.923,0.211,0.356,-0.567
ATIC,P31939,0.6894751810634091,0.9618551624357671,0.7242400249145733,0.785,0.923,0.983,FALSE,FALSE,FALSE,FALSE,-0.103,-0.0122,0.0909,0.0385,-0.0647,0.0262
ATP13A1,Q9HD20,0.8054050657749167,0.03855621588908523,0.028367188700505603,0.866,0.0436,0.462,FALSE,FALSE,FALSE,FALSE,0.183,-1.95,-2.13,0.589,0.772,-1.36
ATP1A1,P05023,0.7122494344009956,0.6397593560526086,0.4147839379220918,0.805,0.878,0.972,FALSE,FALSE,FALSE,FALSE,0.0829,-0.106,-0.189,0.00759,0.0905,-0.0981
ATP2A2,P16615,0.999057116518427,0.10677896493147926,0.10695050908643687,0.925,0.292,0.886,FALSE,FALSE,FALSE,FALSE,-4.28e-4,-0.674,-0.674,0.225,0.225,-0.449
ATP5A1,P25705,0.9337006068436554,0.9541715038399904,0.8882234767326613,0.912,0.922,0.986,FALSE,FALSE,FALSE,FALSE,-0.0194,0.0134,0.0328,0.002,-0.0174,0.0154
AZGP1,P25311,0.5047260331741241,0.16871986613831796,0.415844537681432,0.481,0.467,0.972,FALSE,FALSE,FALSE,FALSE,1.11,2.49,1.38,-1.2,-0.0869,1.29
BUB3,O43684,0.9656914907399434,0.510490680647355,0.536747764966443,0.919,0.841,0.978,FALSE,FALSE,FALSE,FALSE,-0.00677,-0.106,-0.0992,0.0376,0.0308,-0.0684
BZW2,Q9Y6E2,0.8524194808452993,0.2129687590689607,0.27344011779374966,0.886,0.574,0.959,FALSE,FALSE,FALSE,FALSE,0.0288,0.209,0.181,-0.0794,-0.0506,0.13
CAD,P27708,0.7429114383082305,0.6687870952835295,0.9187131238897644,0.829,0.884,0.986,FALSE,FALSE,FALSE,FALSE,-0.121,-0.158,-0.0374,0.093,-0.0278,-0.0652
CALM3,P62158,0.7209166370960725,0.5658648428193147,0.3662295217184297,0.812,0.859,0.969,FALSE,FALSE,FALSE,FALSE,-0.128,0.208,0.337,-0.0267,-0.155,0.182
CALR,P27797,0.9313207107349334,0.27958089812176523,0.3131404521632881,0.911,0.682,0.964,FALSE,FALSE,FALSE,FALSE,0.0356,0.476,0.44,-0.17,-0.135,0.305
CANX,P27824,0.40008767718664423,0.013827780680990357,0.0055645400782235194,0.267,0.00129,0.00913,FALSE,FALSE,FALSE,FALSE,0.173,-0.693,-0.866,0.173,0.346,-0.519
CAP1,Q01518,0.8312506996062884,0.8548885160383286,0.9757477414543683,0.878,0.912,0.987,FALSE,FALSE,FALSE,FALSE,-0.0501,-0.043,0.00713,0.031,-0.0191,-0.0119
CAPN1,P07384,0.9408567085331097,0.8882153065215883,0.8302332550975107,0.913,0.916,0.985,FALSE,FALSE,FALSE,FALSE,-0.012,0.0227,0.0346,-0.00357,-0.0155,0.0191
CAPZB,P47756,0.7929582348321422,0.8573242901600158,0.9336046659171379,0.86,0.912,0.986,FALSE,FALSE,FALSE,FALSE,-0.066,-0.0451,0.0209,0.037,-0.029,-0.00808
CASP14,P31944,0.46757647268291863,0.11968352953701021,0.32770213988569746,0.389,0.329,0.965,FALSE,FALSE,FALSE,FALSE,0.927,2.21,1.28,-1.04,-0.117,1.16
CAT,P04040,0.8350735106594755,0.3172183878379937,0.41388828395192845,0.879,0.724,0.972,FALSE,FALSE,FALSE,FALSE,0.0672,0.34,0.273,-0.136,-0.0685,0.204
CBX3,Q13185,0.9237404143073089,0.7867330844967195,0.8606477395523509,0.909,0.903,0.985,FALSE,FALSE,FALSE,FALSE,-0.0147,-0.0416,-0.027,0.0188,0.00409,-0.0229
CCAR2,Q8N163,0.4814082612380421,0.9150445780464339,0.5456481853410102,0.424,0.918,0.978,FALSE,FALSE,FALSE,FALSE,-0.204,-0.0301,0.174,0.078,-0.126,0.0479
CCT2,P78371,0.9532237260209175,0.8631449407399262,0.8175769088070043,0.916,0.913,0.985,FALSE,FALSE,FALSE,FALSE,0.0288,-0.0848,-0.114,0.0186,0.0475,-0.0661
CCT3,P49368,0.8070260322484095,0.5332393647182252,0.698068424258181,0.867,0.849,0.982,FALSE,FALSE,FALSE,FALSE,-0.0686,-0.178,-0.11,0.0823,0.0136,-0.0959
CCT4,P50991,0.9226899249542477,0.8381116717886449,0.9143121921386512,0.909,0.91,0.986,FALSE,FALSE,FALSE,FALSE,-0.0222,-0.0467,-0.0246,0.023,8.04e-4,-0.0238
CCT5,P48643,0.8427911765454503,0.5661165902886958,0.7023116309013093,0.883,0.859,0.982,FALSE,FALSE,FALSE,FALSE,-0.0435,-0.128,-0.0843,0.0571,0.0136,-0.0707
CCT6A,P40227,0.7142695515323088,0.8052988542149251,0.5457226580578514,0.807,0.906,0.978,FALSE,FALSE,FALSE,FALSE,-0.0521,0.0349,0.087,0.00572,-0.0464,0.0406
CCT7,Q99832,0.8680638727639607,0.7695726671820846,0.6486887887197808,0.892,0.901,0.981,FALSE,FALSE,FALSE,FALSE,-0.0334,0.059,0.0924,-0.00855,-0.0419,0.0505
CCT8,P50990,0.9306976126681816,0.5709974656733667,0.6288811371262706,0.911,0.861,0.981,FALSE,FALSE,FALSE,FALSE,-0.025,-0.166,-0.141,0.0637,0.0386,-0.102
CEBPZ,Q03701,0.9844621646015428,0.35260572739097973,0.34389279117972327,0.923,0.756,0.967,FALSE,FALSE,FALSE,FALSE,-0.0033,0.165,0.168,-0.053900000000000003,-0.0572,0.111
CHD4,Q14839,0.5002741746518482,0.6368564407894604,0.8318354616337632,0.471,0.877,0.985,FALSE,FALSE,FALSE,FALSE,-0.123,-0.0848,0.0378,0.0691,-0.0535,-0.0157
CLEC11A,Q9Y240,0.49580249521567255,0.07881912084482966,0.2035076913774188,0.46,0.191,0.944,FALSE,FALSE,FALSE,FALSE,0.138,0.412,0.274,-0.183,-0.0454,0.229
CLIC1,O00299,0.880769868652562,0.443619636477171,0.36777675423842837,0.896,0.813,0.969,FALSE,FALSE,FALSE,FALSE,-0.0253,0.133,0.159,-0.036,-0.0613,0.0973
CLTA,P09496,0.7287418515188056,0.267383515424103,0.4193570702712022,0.818,0.666,0.972,FALSE,FALSE,FALSE,FALSE,0.102,0.345,0.244,-0.149,-0.0473,0.196
CLTC,Q00610,0.7692431372035281,0.3895475944793915,0.5555179993760608,0.846,0.783,0.978,FALSE,FALSE,FALSE,FALSE,-0.0943,-0.286,-0.192,0.127,0.0326,-0.16
CLU,P10909,0.6068365059366474,0.11208502944100594,0.22809635223838787,0.683,0.308,0.95,FALSE,FALSE,FALSE,FALSE,0.473,1.65,1.18,-0.709,-0.236,0.946
CLUH,O75153,0.8489013116434097,0.062394257618706296,0.0804228584783875,0.885,0.122,0.839,FALSE,FALSE,FALSE,FALSE,-0.0498,-0.59,-0.54,0.213,0.163,-0.377
CNDP2,Q96KP4,0.688800873706992,0.6230349340046024,0.9251469066815601,0.784,0.874,0.986,FALSE,FALSE,FALSE,FALSE,0.0772,0.0952,0.018,-0.0575,0.0198,0.0377
CNOT1,A5YKK6,0.5318993752007959,0.27273046761696557,0.6000491966397055,0.544,0.673,0.98,FALSE,FALSE,FALSE,FALSE,0.119,0.219,0.0996,-0.113,0.00663,0.106
COLGALT1,Q8NBJ5,0.7981131511787504,0.25800858239944063,0.18244082519384303,0.862,0.653,0.937,FALSE,FALSE,FALSE,FALSE,-0.0498,0.235,0.285,-0.0617,-0.111,0.173
COPB1,P53618,0.30817790409628043,0.2820226445287952,0.9462598481318697,0.113,0.685,0.986,FALSE,FALSE,FALSE,FALSE,-0.208,-0.221,-0.013,0.143,-0.0649,-0.078
COPB2,P35606,0.9208579152696443,0.8225106954904671,0.7470451488130415,0.908,0.908,0.983,FALSE,FALSE,FALSE,FALSE,-0.0193,0.0436,0.0628,-0.00811,-0.0274,0.0355
COPG2,Q9UBF2,0.9836672661178639,0.8475978902592785,0.831698591136614,0.923,0.911,0.985,FALSE,FALSE,FALSE,FALSE,-0.00308,0.029,0.0321,-0.00864,-0.0117,0.0204
CORO1A,P31146,0.5632418867626391,0.45261854934197127,0.21076134788998954,0.608,0.818,0.946,FALSE,FALSE,FALSE,FALSE,-0.13,0.171,0.3,-0.0136,-0.143,0.157
COX4I1,P13073,0.9221878846763181,0.5944230726036673,0.6611691389987074,0.909,0.867,0.981,FALSE,FALSE,FALSE,FALSE,0.0749,0.414,0.339,-0.163,-0.0881,0.251
COX5A,P20674,0.9226997900149714,0.3946289239133179,0.4450620073370833,0.909,0.786,0.974,FALSE,FALSE,FALSE,FALSE,0.0555,0.505,0.45,-0.187,-0.132,0.318
CPSF6,Q16630,0.6927851620784713,0.7209773300843001,0.4615302908994322,0.788,0.893,0.975,FALSE,FALSE,FALSE,FALSE,-0.0642,0.058,0.122,0.00208,-0.0622,0.0601
CPT1A,P50416,0.9049658136301073,0.21336673944037104,0.1814156123560134,0.904,0.575,0.937,FALSE,FALSE,FALSE,FALSE,0.0351,-0.398,-0.433,0.121,0.156,-0.277
CS,O75390,0.9352171349307247,0.6955228085256783,0.6381265504859012,0.912,0.889,0.981,FALSE,FALSE,FALSE,FALSE,0.0122,-0.059,-0.0711,0.0156,0.0278,-0.0434
CSDE1,O75534,0.39164519830951483,0.6771292629933008,0.6416906947847684,0.253,0.886,0.981,FALSE,FALSE,FALSE,FALSE,-0.163,-0.077,0.0863,0.0801,-0.0832,0.00308
CSK,P41240,0.8132218282237409,0.21328305024155356,0.15448855166815137,0.87,0.575,0.925,FALSE,FALSE,FALSE,FALSE,0.0342,-0.195,-0.229,0.0537,0.0878,-0.142
DAD1,P61803,0.648097500850501,0.3992166070241332,0.6814243146096448,0.74,0.789,0.982,FALSE,FALSE,FALSE,FALSE,0.0677,0.129,0.0608,-0.0654,0.00231,0.0631
DARS,P14868,0.9464920429161963,0.8973141473249903,0.9505409554056725,0.915,0.917,0.986,FALSE,FALSE,FALSE,FALSE,-0.0123,-0.0237,-0.0114,0.012,-3.11e-4,-0.0117
DCD,P81605,0.44621358084557133,0.10230772016966684,0.29641787169097017,0.344,0.278,0.962,FALSE,FALSE,FALSE,FALSE,1.47,3.54,2.07,-1.67,-0.2,1.87
DDB1,Q16531,0.837431850696966,0.7697113304044612,0.6217954966829771,0.88,0.901,0.98,FALSE,FALSE,FALSE,FALSE,0.035,-0.05,-0.085,0.00502,0.04,-0.045
DDX1,Q92499,0.717490866246983,0.6045161265103689,0.39226729016844775,0.81,0.87,0.971,FALSE,FALSE,FALSE,FALSE,-0.0801,0.115,0.196,-0.0118,-0.0919,0.104
DDX17,Q92841,0.9420157847155624,0.6284870443240331,0.5798690296504622,0.914,0.875,0.979,FALSE,FALSE,FALSE,FALSE,0.0206,-0.139,-0.16,0.0394,0.06,-0.0995
DDX21,Q9NR30,0.9210262550200974,0.9977262731483958,0.9187676188871909,0.908,0.926,0.986,FALSE,FALSE,FALSE,FALSE,0.0252,-7.25e-4,-0.026,-0.00817,0.0171,-0.0089
DDX39B,Q13838,0.8428185765445751,0.4938239740601137,0.6196915727921557,0.883,0.835,0.98,FALSE,FALSE,FALSE,FALSE,-0.0317,-0.112,-0.0802,0.0479,0.0162,-0.0641
DDX3X,O00571,0.8637188261089718,0.7210085004653697,0.8514452890192765,0.891,0.893,0.985,FALSE,FALSE,FALSE,FALSE,-0.0482,-0.101,-0.0526,0.0497,0.00147,-0.0512
DDX42,Q86XP3,0.9073121463171643,0.47595085300756695,0.5458080254665016,0.905,0.828,0.978,FALSE,FALSE,FALSE,FALSE,0.0223,0.14,0.118,-0.054,-0.0318,0.0858
DDX5,P17844,0.6906216789122688,0.6989696868979425,0.44325054530071767,0.786,0.89,0.974,FALSE,FALSE,FALSE,FALSE,-0.0787,0.0765,0.155,7.57e-4,-0.078,0.0772
DHCR24,Q15392,0.7272667933443656,0.8926903092669434,0.6311288974754421,0.817,0.916,0.981,FALSE,FALSE,FALSE,FALSE,0.163,-0.0627,-0.226,-0.0334,0.13,-0.0961
DHX15,O43143,0.6193360044125569,0.27822141299975794,0.5235148477717215,0.702,0.68,0.977,FALSE,FALSE,FALSE,FALSE,-0.134,-0.307,-0.173,0.147,0.0132,-0.16
DHX9,Q08211,0.8996643999821982,0.3431879146182069,0.4028187610008478,0.902,0.748,0.971,FALSE,FALSE,FALSE,FALSE,-0.032,-0.252,-0.22,0.0947,0.0627,-0.157
DLST,P36957,0.7874988357930983,0.12567611085552163,0.1818239877911509,0.857,0.344,0.937,FALSE,FALSE,FALSE,FALSE,0.0681,0.438,0.37,-0.169,-0.101,0.269
DNAJC2,Q99543,0.42424026412442706,0.43125081475857546,0.9893970579369882,0.305,0.807,0.987,FALSE,FALSE,FALSE,FALSE,-0.17,-0.168,0.00274,0.113,-0.0577,-0.0549
DNAJC9,Q8WXX5,0.6297288083546848,0.3849834719204729,0.67980660705862,0.716,0.78,0.982,FALSE,FALSE,FALSE,FALSE,-0.103,-0.19,-0.0875,0.0975,-0.00502,-0.0925
DNMT1,P26358,0.9097419056037419,0.6175645930863434,0.5436099537854083,0.905,0.873,0.978,FALSE,FALSE,FALSE,FALSE,0.0365,-0.163,-0.199,0.0421,0.0785,-0.121
DSC1,Q08554,0.5974837002838094,0.13139000836438383,0.2716539026783135,0.668,0.357,0.958,FALSE,FALSE,FALSE,FALSE,0.663,2.11,1.45,-0.926,-0.263,1.19
DSG1,Q02413,0.5954934159764063,0.1548452634662833,0.3194732357476288,0.665,0.425,0.964,FALSE,FALSE,FALSE,FALSE,0.631,1.86,1.23,-0.831,-0.2,1.03
DSP,P15924,0.42236142513371433,0.27655726214706194,0.7432861388771208,0.302,0.678,0.983,FALSE,FALSE,FALSE,FALSE,0.659,0.921,0.262,-0.527,0.133,0.394
DTYMK,P23919,0.9271059562286252,0.6906582224913944,0.7579033446931236,0.91,0.888,0.984,FALSE,FALSE,FALSE,FALSE,0.0284,0.124,0.0961,-0.0509,-0.0226,0.0735
DYNC1H1,Q14204,0.8757839937965575,0.20390084409520726,0.2517704225146079,0.895,0.555,0.955,FALSE,FALSE,FALSE,FALSE,-0.0305,-0.27,-0.239,0.1,0.0697,-0.17
EEF1D,P29692,0.9935261027055866,0.5418319128865534,0.5367799352519036,0.924,0.852,0.978,FALSE,FALSE,FALSE,FALSE,-0.00155,0.119,0.12,-0.0391,-0.0406,0.0797
EEF2,P13639,0.884281345382494,0.8131641653779345,0.7040660442454845,0.898,0.907,0.982,FALSE,FALSE,FALSE,FALSE,0.0376,-0.0612,-0.0988,0.00786,0.0455,-0.0533
EIF3A,Q14152,0.8830523062175731,0.8727437378777017,0.7594993985150152,0.897,0.914,0.984,FALSE,FALSE,FALSE,FALSE,-0.0253,0.0275,0.0528,-7.5e-4,-0.026,0.0268
EIF3B,P55884,0.7142018585725882,0.19629148953687361,0.11869225672522209,0.807,0.538,0.899,FALSE,FALSE,FALSE,FALSE,-0.0628,0.241,0.304,-0.0593,-0.122,0.181
EIF3CL,B5ME19,0.636392918627392,0.7568898285808675,0.8673708458425332,0.725,0.899,0.985,FALSE,FALSE,FALSE,FALSE,-0.106,-0.0686,0.0369,0.0581,-0.0475,-0.0106
EIF3D,O15371,0.7258457990529135,0.6939000897124221,0.965016389651717,0.816,0.889,0.987,FALSE,FALSE,FALSE,FALSE,0.086,0.0967,0.0107,-0.0609,0.0251,0.0358
EIF3E,P60228,0.8368634643523942,0.5379199491456335,0.6757616989915445,0.88,0.851,0.982,FALSE,FALSE,FALSE,FALSE,-0.0344,-0.105,-0.0704,0.0464,0.012,-0.0584
EIF3L,Q9Y262,0.8558019947860103,0.4309811620113481,0.5357620649516153,0.888,0.807,0.978,FALSE,FALSE,FALSE,FALSE,-0.0387,-0.173,-0.135,0.0707,0.0319,-0.103
EIF4A1,P60842,0.11223193807670959,0.11979886181142171,0.9617875855307839,3.38e-4,0.329,0.987,FALSE,FALSE,FALSE,FALSE,-0.655,-0.638,0.0172,0.431,-0.224,-0.207
EIF4G1,Q04637,0.4813040444101557,0.9631095659669425,0.5084611443077405,0.424,0.923,0.977,FALSE,FALSE,FALSE,FALSE,-0.355,-0.0227,0.333,0.126,-0.229,0.103
EIF4H,Q15056,0.6268497955557935,0.0786957497406729,0.04134942844868525,0.712,0.191,0.639,FALSE,FALSE,FALSE,FALSE,-0.0693,0.294,0.363,-0.0749,-0.144,0.219
EIF6,P56537,0.7890674127495942,0.2326946337642294,0.16160787465651896,0.857,0.612,0.929,FALSE,FALSE,FALSE,FALSE,-0.0935,0.449,0.542,-0.118,-0.212,0.33
ENO3,P13929,0.6586056060437167,0.7397243182408997,0.910667161530681,0.752,0.896,0.986,FALSE,FALSE,FALSE,FALSE,-0.199,-0.149,0.0499,0.116,-0.0828,-0.0329
EPRS,P07814,0.8946937791203428,0.44398915840163355,0.5202259710877715,0.901,0.813,0.977,FALSE,FALSE,FALSE,FALSE,-0.049,-0.292,-0.243,0.114,0.0646,-0.178
ERMP1,Q7Z2K6,0.7205831032453762,0.5483126617180198,0.35333332965086023,0.812,0.854,0.968,FALSE,FALSE,FALSE,FALSE,0.133,-0.226,-0.359,0.031,0.164,-0.195
ERP44,Q9BS26,0.7977749906845473,0.4435187688391024,0.5990505538019484,0.862,0.813,0.98,FALSE,FALSE,FALSE,FALSE,0.0537,0.165,0.111,-0.0729,-0.0192,0.0921
ESYT1,Q9BSJ8,0.9527512123300141,0.8660856572174769,0.9127633783461725,0.916,0.913,0.986,FALSE,FALSE,FALSE,FALSE,-0.00954,-0.0272,-0.0176,0.0122,0.0027,-0.0149
EZR,P15311,0.8604102445262979,0.6255085530932118,0.751664295299109,0.889,0.875,0.983,FALSE,FALSE,FALSE,FALSE,0.0273,0.0767,0.0494,-0.0347,-0.00734,0.042
FASN,P49327,0.8853152792743056,0.2949045124679767,0.3557309388657133,0.898,0.701,0.968,FALSE,FALSE,FALSE,FALSE,-0.0514,-0.395,-0.344,0.149,0.0975,-0.246
FERMT3,Q86UX7,0.46632826950447903,0.2783489452418248,0.6876360297166926,0.386,0.681,0.982,FALSE,FALSE,FALSE,FALSE,0.131,0.202,0.0709,-0.111,0.0201,0.091
FH,P07954,0.42039518799884423,0.6004265189901303,0.20983515710555897,0.299,0.869,0.946,FALSE,FALSE,FALSE,FALSE,-0.128,0.0813,0.209,0.0154,-0.112,0.0967
FKBP4,Q02790,0.3412016671999551,0.6825776948296909,0.5643835399826966,0.165,0.887,0.979,FALSE,FALSE,FALSE,FALSE,-0.164,-0.0678,0.0964,0.0773,-0.0869,0.00953
FLNA,P21333,0.4939884074983706,0.6569049251919908,0.8014014382377921,0.455,0.882,0.984,FALSE,FALSE,FALSE,FALSE,-0.209,-0.134,0.0751,0.114,-0.0946,-0.0195
FUBP1,Q96AE4,0.7230932945032316,0.5994041571120868,0.860270668295318,0.814,0.868,0.985,FALSE,FALSE,FALSE,FALSE,0.137,0.205,0.0678,-0.114,0.0231,0.0909
G3BP1,Q13283,0.6560379976827849,0.4489884850742546,0.25163123161841855,0.749,0.816,0.955,FALSE,FALSE,FALSE,FALSE,-0.102,0.177,0.278,-0.0249,-0.127,0.152
G6PD,P11413,0.42565496905362704,0.6049281601739613,0.7657140579132302,0.307,0.87,0.984,FALSE,FALSE,FALSE,FALSE,-0.131,-0.0835,0.0476,0.0715,-0.0596,-0.0119
GANAB,Q14697,0.928948747016968,0.6386390871762418,0.7017663896303133,0.91,0.878,0.982,FALSE,FALSE,FALSE,FALSE,0.0587,0.313,0.254,-0.124,-0.0651,0.189
GARS,P41250,0.8740407479526284,0.6376424798100366,0.7518827203347079,0.894,0.877,0.983,FALSE,FALSE,FALSE,FALSE,-0.0361,-0.108,-0.0723,0.0482,0.0121,-0.0602
GDI2,P50395,0.8999947455010526,0.8754225998441401,0.7782754384399067,0.902,0.914,0.984,FALSE,FALSE,FALSE,FALSE,-0.0274,0.0342,0.0615,-0.00226,-0.0296,0.0319
GGCT,O75223,0.6167085480492166,0.11432868763900128,0.2280671742057433,0.698,0.314,0.95,FALSE,FALSE,FALSE,FALSE,0.402,1.43,1.03,-0.612,-0.21,0.822
GLUD1,P00367,0.7606380317297153,0.3445652326074699,0.5033161460052189,0.841,0.749,0.977,FALSE,FALSE,FALSE,FALSE,-0.0558,-0.181,-0.125,0.0789,0.023,-0.102
GMPS,P49915,0.8687587612617206,0.865079277307502,0.9962518501256692,0.892,0.913,0.987,FALSE,FALSE,FALSE,FALSE,0.0377,0.0388,0.00107,-0.0255,0.0122,0.0133
GNAI2,P04899,0.9987629278644368,0.16155437999097172,0.16189666617775858,0.925,0.446,0.929,FALSE,FALSE,FALSE,FALSE,2.23e-4,0.224,0.224,-0.0747,-0.0745,0.149
GNB2L1,P63244,0.9001679564490223,0.9569484319501835,0.8577489276980833,0.902,0.922,0.985,FALSE,FALSE,FALSE,FALSE,0.0249,-0.0107,-0.0356,-0.00473,0.0202,-0.0154
GPI,P06744,0.5319887436699413,0.09669126857919187,0.23036543786323221,0.544,0.259,0.951,FALSE,FALSE,FALSE,FALSE,0.0975,0.295,0.198,-0.131,-0.0335,0.165
GSN,P06396,0.6830471499470979,0.29748995941959133,0.17094347137092442,0.778,0.704,0.933,FALSE,FALSE,FALSE,FALSE,-0.0819,0.22,0.301,-0.0459,-0.128,0.174
GSS,P48637,0.7937327795500113,0.19538742051616725,0.27800408699545875,0.86,0.535,0.959,FALSE,FALSE,FALSE,FALSE,0.106,0.575,0.469,-0.227,-0.121,0.348
GSTP1,P09211,0.7964909408393326,0.9623086878509147,0.7606988919224209,0.861,0.923,0.984,FALSE,FALSE,FALSE,FALSE,0.0761,-0.0139,-0.09,-0.0207,0.0554,-0.0346
HADHA,P40939,0.5813577787672848,0.2623350168328988,0.12260405570912412,0.641,0.659,0.903,FALSE,FALSE,FALSE,FALSE,0.208,-0.444,-0.652,0.0789,0.286,-0.365
HK2,P52789,0.6473648302283166,0.23987084556431837,0.43637709745889985,0.739,0.624,0.973,FALSE,FALSE,FALSE,FALSE,-0.0893,-0.244,-0.155,0.111,0.022,-0.133
HLA-C,Q29865,0.3791568569140634,0.015104496702787617,0.005764105729804293,0.232,0.00174,0.0104,FALSE,FALSE,FALSE,FALSE,0.199,-0.741,-0.94,0.181,0.38,-0.561
HM13,Q8TCT9,0.6340878052556852,0.0028285318690696726,0.0018854109953575949,0.722,1.17e-7,6.81e-5,FALSE,FALSE,FALSE,FALSE,0.151,-1.6,-1.75,0.483,0.633,-1.12
HNRNPA1,P09651,0.8047176494156845,0.8737996971917839,0.929110375054754,0.866,0.914,0.986,FALSE,FALSE,FALSE,FALSE,0.0597,0.0383,-0.0214,-0.0327,0.027,0.00562
HNRNPA2B1,P22626,0.4156692524808245,0.5450876221634071,0.8214759558031276,0.292,0.853,0.985,FALSE,FALSE,FALSE,FALSE,0.381,0.279,-0.102,-0.22,0.161,0.0588
HNRNPA3,P51991,0.9462134503359119,0.8598814725118482,0.9129895809839047,0.915,0.913,0.986,FALSE,FALSE,FALSE,FALSE,-0.0263,-0.069,-0.0427,0.0318,0.00545,-0.0372
HNRNPAB,Q99729,0.9687271025327621,0.9150802697642002,0.8841257404118055,0.92,0.918,0.986,FALSE,FALSE,FALSE,FALSE,-0.00828,0.0225,0.0308,-0.00475,-0.013,0.0178
HNRNPDL,O14979,0.4576315085503522,0.8811095055087721,0.5462429758726033,0.363,0.915,0.978,FALSE,FALSE,FALSE,FALSE,-0.12,-0.0234,0.0963,0.0477,-0.072,0.0243
HNRNPK,P61978,0.8755442077746016,0.5782667780773272,0.4819504470690327,0.895,0.863,0.976,FALSE,FALSE,FALSE,FALSE,-0.0442,0.159,0.203,-0.0383,-0.0825,0.121
HNRNPM,P52272,0.8480051491992131,0.46377884288663335,0.5803809857282949,0.885,0.823,0.979,FALSE,FALSE,FALSE,FALSE,-0.0364,-0.143,-0.107,0.0598,0.0234,-0.0832
HNRNPU,Q00839,0.9989415133140523,0.2476975774183737,0.24813791939350024,0.925,0.637,0.954,FALSE,FALSE,FALSE,FALSE,-2.76e-4,-0.258,-0.258,0.0862,0.086,-0.172
HSD17B4,P51659,0.5886353660530783,0.08890004928706048,0.18776175692655372,0.654,0.231,0.939,FALSE,FALSE,FALSE,FALSE,0.162,0.59,0.428,-0.251,-0.0885,0.339
HSP90AA1,P07900,0.8363655060478148,0.8709987666583074,0.9645934650407335,0.88,0.914,0.987,FALSE,FALSE,FALSE,FALSE,-0.0454,-0.0357,0.00974,0.027,-0.0184,-0.00865
HSP90AB1,P08238,0.7318738331887922,0.8898818032801873,0.8370126710410177,0.821,0.916,0.985,FALSE,FALSE,FALSE,FALSE,-0.0614,-0.0247,0.0367,0.0287,-0.0327,0.00401
HSP90B1,P14625,0.8995524416253345,0.36712904345462993,0.43009878313680855,0.902,0.767,0.973,FALSE,FALSE,FALSE,FALSE,-0.0229,-0.171,-0.148,0.0646,0.0417,-0.106
HSPA14,Q0VDF9,0.9181852643785673,0.510438612558054,0.45136367183392817,0.908,0.841,0.974,FALSE,FALSE,FALSE,FALSE,-0.0144,0.0943,0.109,-0.0266,-0.041,0.0677
HSPA4,P34932,0.5130592640125421,0.5711915672155985,0.925843061001029,0.501,0.861,0.986,FALSE,FALSE,FALSE,FALSE,-0.13,-0.112,0.0181,0.0806,-0.0493,-0.0313
HSPA8,P11142,0.38735173509934495,0.9151473737569683,0.44220489103416877,0.246,0.918,0.974,FALSE,FALSE,FALSE,FALSE,-0.131,-0.0155,0.116,0.0489,-0.0822,0.0333
HSPA9,P38646,0.7159116498481737,0.9760532118748599,0.7380141869346388,0.808,0.924,0.983,FALSE,FALSE,FALSE,FALSE,-0.0532,-0.00436,0.0488,0.0192,-0.034,0.0148
HSPD1,P10809,0.854083458429221,0.7223628913184748,0.5934890455070758,0.887,0.894,0.98,FALSE,FALSE,FALSE,FALSE,-0.0891,0.173,0.262,-0.028,-0.117,0.145
HSPH1,Q92598,0.645634279548388,0.6902083258563181,0.9497131698481871,0.737,0.888,0.986,FALSE,FALSE,FALSE,FALSE,0.211,0.182,-0.0286,-0.131,0.0797,0.0512
IARS,P41252,0.7362098184798362,0.3092405444263238,0.4738809858012862,0.824,0.716,0.975,FALSE,FALSE,FALSE,FALSE,-0.137,-0.434,-0.297,0.19,0.0534,-0.244
IDH2,P48735,0.8790349490258218,0.5271378519315817,0.4393577878075839,0.896,0.847,0.973,FALSE,FALSE,FALSE,FALSE,0.0357,-0.151,-0.187,0.0386,0.0743,-0.113
ILF3,Q12906,0.8416119572165668,0.2802934807643767,0.21435627508585936,0.882,0.683,0.947,FALSE,FALSE,FALSE,FALSE,-0.0573,0.329,0.386,-0.0905,-0.148,0.238
IMMT,Q16891,0.8934981401645035,0.5196652549546126,0.6052692743681787,0.9,0.845,0.98,FALSE,FALSE,FALSE,FALSE,-0.0313,-0.154,-0.122,0.0617,0.0304,-0.092
IMPDH2,P12268,0.9976176934981456,0.34522356925448844,0.3465518430013915,0.925,0.75,0.967,FALSE,FALSE,FALSE,FALSE,-7.84e-4,-0.26,-0.259,0.0869,0.0861,-0.173
IQGAP1,P46940,0.8782255344399177,0.41057228626011466,0.33794742546326834,0.896,0.796,0.966,FALSE,FALSE,FALSE,FALSE,-0.0256,0.143,0.168,-0.039,-0.0646,0.104
KARS,Q15046,0.9870217186940816,0.8169817054043971,0.8044839235965643,0.923,0.907,0.984,FALSE,FALSE,FALSE,FALSE,0.00353,-0.0503,-0.053900000000000003,0.0156,0.0191,-0.0347
KHSRP,Q92945,0.9622703221821344,0.761542351167059,0.7973858664894675,0.918,0.9,0.984,FALSE,FALSE,FALSE,FALSE,0.00857,0.0552,0.0467,-0.0213,-0.0127,0.034
KPNB1,Q14974,0.6356943400347723,0.8526740007965378,0.5152914757715181,0.724,0.912,0.977,FALSE,FALSE,FALSE,FALSE,-0.0977,0.0379,0.136,0.0199,-0.0778,0.0579
LAP3,P28838,0.9196731862512186,0.07913847402691135,0.06917416759922003,0.908,0.192,0.806,FALSE,FALSE,FALSE,FALSE,-0.0165,0.341,0.358,-0.108,-0.125,0.233
LARS,Q9P2J5,0.7681095433698513,0.5949493122113776,0.4194835070150666,0.845,0.867,0.972,FALSE,FALSE,FALSE,FALSE,0.0635,-0.116,-0.179,0.0174,0.081,-0.0984
LBR,Q14739,0.5698330774009204,0.6224459310332044,0.3084490395323336,0.62,0.874,0.963,FALSE,FALSE,FALSE,FALSE,0.207,-0.179,-0.386,-0.00948,0.198,-0.188
LCP1,P13796,0.938629695686586,0.9845179386309133,0.9232231044718677,0.913,0.925,0.986,FALSE,FALSE,FALSE,FALSE,-0.0225,0.00567,0.0282,0.00561,-0.0169,0.0113
LDHA,P00338,0.8604221325342718,0.41936921860681814,0.5185742681510921,0.889,0.801,0.977,FALSE,FALSE,FALSE,FALSE,-0.0443,-0.21,-0.166,0.0848,0.0405,-0.125
LDHB,P07195,0.7280589292743309,0.6546319340289841,0.43737437986078587,0.818,0.881,0.973,FALSE,FALSE,FALSE,FALSE,-0.122,0.157,0.279,-0.0119,-0.134,0.145
LETM1,O95202,0.5369372386545544,0.007690394646899873,0.00416137642292585,0.554,9.06e-5,0.00297,FALSE,FALSE,FALSE,FALSE,0.241,-1.55,-1.79,0.436,0.677,-1.11
LMNA,P02545,0.8956235088525386,0.24434092225043186,0.2909558924708663,0.901,0.631,0.961,FALSE,FALSE,FALSE,FALSE,0.0323,0.308,0.276,-0.113,-0.0811,0.195
LMNB1,P20700,0.9832032875540608,0.363918420318928,0.35425684922833306,0.923,0.765,0.968,FALSE,FALSE,FALSE,FALSE,0.00355,-0.16,-0.164,0.0522,0.0558,-0.108
LMNB2,Q03252,0.8381061763900532,0.9235731379256213,0.7646917759956519,0.881,0.919,0.984,FALSE,FALSE,FALSE,FALSE,-0.0711,0.0333,0.104,0.0126,-0.0585,0.0459
LONP1,P36776,0.511797914390723,0.8183385102386769,0.6624808831741728,0.498,0.908,0.982,FALSE,FALSE,FALSE,FALSE,0.151,0.0517,-0.0991,-0.0675,0.0833,-0.0158
LRPPRC,P42704,0.8095967915552077,0.40798893182659135,0.5453636042583795,0.868,0.794,0.978,FALSE,FALSE,FALSE,FALSE,-0.0385,-0.137,-0.0983,0.0585,0.0199,-0.0784
LRRC47,Q8N1G4,0.4562399062203893,0.1382148130607084,0.3849525714905049,0.361,0.372,0.97,FALSE,FALSE,FALSE,FALSE,0.117,0.255,0.138,-0.124,-0.00696,0.131
LRRC8C,Q8TDW0,0.4473603372235113,0.4777804349133761,0.9566272518403982,0.346,0.829,0.987,FALSE,FALSE,FALSE,FALSE,0.14,0.131,-0.00974,-0.0903,0.05,0.0403
LRRFIP1,Q32MZ4,0.9405795083753572,0.7316456672354732,0.7875610151691266,0.913,0.895,0.984,FALSE,FALSE,FALSE,FALSE,0.0193,0.0893,0.07,-0.0362,-0.0169,0.0531
LTF,P02788,0.5804521115410758,0.12964855039834322,0.2775143883118389,0.639,0.353,0.959,FALSE,FALSE,FALSE,FALSE,0.73,2.23,1.5,-0.988,-0.258,1.25
LYZ,P61626,0.6147191408652677,0.1837334650679032,0.3618891679939987,0.695,0.507,0.968,FALSE,FALSE,FALSE,FALSE,0.725,2.08,1.36,-0.935,-0.21,1.15
MAD2L1,Q13257,0.7699160718765921,0.4566272201854339,0.3151031105298162,0.847,0.819,0.964,FALSE,FALSE,FALSE,FALSE,-0.0476,0.124,0.172,-0.0255,-0.0731,0.0986
MAGT1,Q9H0U3,0.4274196416731446,0.41520162325283744,0.13956246462957417,0.309,0.798,0.916,FALSE,FALSE,FALSE,FALSE,0.137,-0.141,-0.277,0.0013,0.138,-0.139
MATR3,P43243,0.8646362741428246,0.38774056315463273,0.4783757420534078,0.891,0.782,0.975,FALSE,FALSE,FALSE,FALSE,-0.0245,-0.129,-0.104,0.0511,0.0266,-0.0777
MCM2,P49736,0.5151828245459844,0.44630316928372815,0.9046269496629105,0.506,0.815,0.986,FALSE,FALSE,FALSE,FALSE,0.12,0.142,0.0216,-0.0873,0.0328,0.0545
MCM3,P25205,0.8265289590670838,0.8173586776731461,0.9905189212082186,0.876,0.907,0.987,FALSE,FALSE,FALSE,FALSE,-0.0448,-0.0473,-0.00243,0.0307,-0.0141,-0.0166
MCM4,P33991,0.8705117113406221,0.7013666689330269,0.5883517326856196,0.893,0.89,0.98,FALSE,FALSE,FALSE,FALSE,-0.0267,0.0633,0.09,-0.0122,-0.0389,0.0511
MCM5,P33992,0.5644817072704389,0.5545245636376419,0.2661983116501028,0.61,0.856,0.957,FALSE,FALSE,FALSE,FALSE,-0.146,0.15,0.296,-0.0013,-0.147,0.149
MCM6,Q14566,0.9547077167817193,0.5717867768976495,0.5358115269874624,0.917,0.861,0.978,FALSE,FALSE,FALSE,FALSE,0.0114,-0.115,-0.127,0.0346,0.046,-0.0806
MDH1,P40925,0.9132973566100906,0.4527349081626489,0.39569870924950074,0.906,0.818,0.971,FALSE,FALSE,FALSE,FALSE,-0.0181,0.129,0.147,-0.0369,-0.055,0.0919
MRPL37,Q9BZE1,0.7368646950819875,0.2859614981371884,0.18148456356196788,0.825,0.69,0.937,FALSE,FALSE,FALSE,FALSE,0.0544,-0.182,-0.237,0.0427,0.0971,-0.14
MSH2,P43246,0.7528043931125958,0.7317421846991246,0.9773861127607716,0.836,0.895,0.987,FALSE,FALSE,FALSE,FALSE,0.0649,0.0707,0.00581,-0.0452,0.0197,0.0255
MSN,P26038,0.6599777883093393,0.9926371885245568,0.6535126418135513,0.754,0.925,0.981,FALSE,FALSE,FALSE,FALSE,-0.0671,0.00139,0.0684,0.0219,-0.0452,0.0233
MTA2,O94776,0.8009286799435106,0.3940152640237456,0.2842147921791497,0.864,0.786,0.96,FALSE,FALSE,FALSE,FALSE,0.081,-0.284,-0.365,0.0676,0.149,-0.216
MTAP,Q13126,0.338924575005592,0.0022972617605416215,0.0010435820685707805,0.161,2.48e-8,2.94e-6,FALSE,FALSE,FALSE,FALSE,0.221,-1.18,-1.4,0.319,0.54,-0.858
MTHFD1,P11586,0.9984541701233833,0.7322269001004933,0.7336586510932901,0.925,0.895,0.983,FALSE,FALSE,FALSE,FALSE,-3.22e-4,-0.0573,-0.057,0.0192,0.0189,-0.0381
MYH9,P35579,0.6875483862194103,0.37605659390401,0.6097977509370571,0.783,0.774,0.98,FALSE,FALSE,FALSE,FALSE,-0.218,-0.496,-0.278,0.238,0.02,-0.258
MYL12B,O14950,0.9009258357445784,0.8767495382131097,0.9755143675675113,0.903,0.914,0.987,FALSE,FALSE,FALSE,FALSE,0.0588,0.0732,0.0145,-0.044,0.0148,0.0292
NAA15,Q9BXJ9,0.7001750271703571,0.15158984563126243,0.08941094660309865,0.795,0.415,0.858,FALSE,FALSE,FALSE,FALSE,0.183,-0.756,-0.939,0.191,0.374,-0.565
NASP,P49321,0.6941273028024076,0.8419772969858903,0.5582038033153107,0.789,0.911,0.979,FALSE,FALSE,FALSE,FALSE,-0.131,0.0658,0.196,0.0216,-0.109,0.0874
NAT10,Q9H0A0,0.8415905883861746,0.7968327424852322,0.9537004237978244,0.882,0.905,0.986,FALSE,FALSE,FALSE,FALSE,0.0327,0.0422,0.00949,-0.025,0.00774,0.0172
NCAPG,Q9BPX3,0.5834942179674939,0.8506534875643302,0.7144596521212183,0.645,0.912,0.983,FALSE,FALSE,FALSE,FALSE,-0.0932,-0.0316,0.0617,0.0416,-0.0516,0.01
NCL,P19338,0.6765580701628524,0.7386780328247327,0.4622717729277323,0.772,0.896,0.975,FALSE,FALSE,FALSE,FALSE,-0.0933,0.0743,0.168,0.00631,-0.0869,0.0806
NEK9,Q8TD19,0.9475536019959161,0.5223540598693148,0.5634837631325729,0.915,0.846,0.979,FALSE,FALSE,FALSE,FALSE,-0.0205,-0.203,-0.183,0.0746,0.0541,-0.129
NONO,Q15233,0.6208017791933939,0.30320884180810037,0.5629790052109713,0.704,0.71,0.979,FALSE,FALSE,FALSE,FALSE,0.101,0.22,0.119,-0.107,-0.0059,0.113
NPM1,P06748,0.8120464206150192,0.8273912462227867,0.9841222099799689,0.869,0.909,0.987,FALSE,FALSE,FALSE,FALSE,0.0432,0.0396,-0.00361,-0.0276,0.0156,0.012
NSF,P46459,0.32922943361978435,0.3528324010315396,0.957173651585978,0.146,0.756,0.987,FALSE,FALSE,FALSE,FALSE,-0.202,-0.191,0.0106,0.131,-0.0709,-0.0603
NUCB2,P80303,0.14764269847914208,0.04973803093168983,0.007595167946481073,0.0016,0.0765,0.0265,FALSE,FALSE,FALSE,FALSE,0.46,-0.69,-1.15,0.0766,0.536,-0.613
NUDT5,Q9UKK9,0.967602128984516,0.6891969631089595,0.6603383841223058,0.919,0.888,0.981,FALSE,FALSE,FALSE,FALSE,-0.015,0.149,0.164,-0.0446,-0.0596,0.104
NUP210,Q8TEM1,0.9999419350059817,0.5657571299530032,0.5658038648783987,0.926,0.859,0.979,FALSE,FALSE,FALSE,FALSE,-2.03e-5,-0.163,-0.163,0.0544,0.0544,-0.109
P4HB,P07237,0.5024037915685691,0.05293189214104217,0.022495848101992382,0.476,0.0856,0.343,FALSE,FALSE,FALSE,FALSE,0.263,-0.916,-1.18,0.217,0.481,-0.698
PA2G4,Q9UQ80,0.5462381785368965,0.6854514386586299,0.3305350995608704,0.574,0.887,0.965,FALSE,FALSE,FALSE,FALSE,-0.0882,0.0586,0.147,0.00987,-0.0783,0.0684
PABPC1,P11940,0.9330847650021624,0.31722614921128556,0.353606490061277,0.911,0.724,0.968,FALSE,FALSE,FALSE,FALSE,-0.0138,-0.173,-0.159,0.0622,0.0485,-0.111
PAICS,P22234,0.9320267275249109,0.42795944996506896,0.47480180376982845,0.911,0.805,0.975,FALSE,FALSE,FALSE,FALSE,-0.0432,-0.415,-0.372,0.153,0.11,-0.262
PARK7,Q99497,0.728787967002826,0.220539585716879,0.3497796727014127,0.819,0.589,0.967,FALSE,FALSE,FALSE,FALSE,0.0937,0.357,0.263,-0.15,-0.0565,0.207
PARP1,P09874,0.9581021641719545,0.43171882846708937,0.40449059053200714,0.917,0.807,0.971,FALSE,FALSE,FALSE,FALSE,-0.0133,0.205,0.218,-0.0639,-0.0772,0.141
PC,P11498,0.932336990371796,0.9686984532787305,0.9012518189452188,0.911,0.923,0.986,FALSE,FALSE,FALSE,FALSE,0.0582,-0.0269,-0.085,-0.0104,0.0477,-0.0373
PCBP1,Q15365,0.9923383967521862,0.8551712119994109,0.8626751623548546,0.924,0.912,0.985,FALSE,FALSE,FALSE,FALSE,0.00154,0.0293,0.0278,-0.0103,-0.00875,0.019
PCBP2,Q15366,0.7292152750113094,0.11160690583003868,0.17951760009612036,0.819,0.307,0.936,FALSE,FALSE,FALSE,FALSE,0.0899,0.472,0.382,-0.187,-0.0974,0.285
PCCA,P05165,0.9902294197698994,0.7922777006299473,0.7829628920482873,0.924,0.904,0.984,FALSE,FALSE,FALSE,FALSE,0.0137,-0.295,-0.309,0.0938,0.107,-0.201
PCMT1,P22061,0.8926005904645004,0.7330917272553903,0.6364759713762955,0.9,0.895,0.981,FALSE,FALSE,FALSE,FALSE,-0.0237,0.0602,0.0839,-0.0122,-0.0359,0.048
PCNA,P12004,0.49086813234290283,0.5595205499505371,0.9105989172769523,0.448,0.857,0.986,FALSE,FALSE,FALSE,FALSE,-0.119,-0.1,0.0189,0.0731,-0.046,-0.0271
PDCD6IP,Q8WUM4,0.8291661919188107,0.7172554428549087,0.5680153660942664,0.877,0.893,0.979,FALSE,FALSE,FALSE,FALSE,-0.0602,0.101,0.162,-0.0138,-0.0739,0.0877
PDIA3,P30101,0.8789579768186785,0.6118103241671726,0.5143825226829095,0.896,0.871,0.977,FALSE,FALSE,FALSE,FALSE,-0.0221,0.0744,0.0965,-0.0175,-0.0395,0.057
PDIA4,P13667,0.858948891382207,0.4280856782808398,0.5298942334176657,0.889,0.805,0.978,FALSE,FALSE,FALSE,FALSE,0.0261,0.12,0.0939,-0.0487,-0.0226,0.0713
PDIA6,Q15084,0.704697084361861,0.9418712420408395,0.7585368958550847,0.799,0.921,0.984,FALSE,FALSE,FALSE,FALSE,-0.0652,-0.0125,0.0527,0.0259,-0.0393,0.0134
PEBP1,P30086,0.9399135315469962,0.3812473851266975,0.41898730120940647,0.913,0.777,0.972,FALSE,FALSE,FALSE,FALSE,0.0178,0.215,0.198,-0.0777,-0.0599,0.138
PFKL,P17858,0.8193838262142967,0.40269481431515947,0.530950589887485,0.873,0.791,0.978,FALSE,FALSE,FALSE,FALSE,-0.0425,-0.161,-0.119,0.0679,0.0254,-0.0933
PFKP,Q01813,0.746985304998692,0.3289362493196307,0.21377049843324275,0.832,0.736,0.947,FALSE,FALSE,FALSE,FALSE,-0.123,0.391,0.515,-0.0892,-0.213,0.302
PGAM5,Q96HS1,0.7524458110420489,0.7945051978225521,0.9556037352814479,0.835,0.905,0.986,FALSE,FALSE,FALSE,FALSE,0.0857,0.0706,-0.015,-0.0521,0.0336,0.0185
PGK1,P00558,0.9698095512755596,0.31237656214026766,0.3281485430898316,0.92,0.72,0.965,FALSE,FALSE,FALSE,FALSE,0.00612,0.173,0.167,-0.0596,-0.0535,0.113
PGM2,Q96G03,0.8080153085852126,0.42081762535966416,0.5624568929848496,0.867,0.801,0.979,FALSE,FALSE,FALSE,FALSE,-0.0383,-0.131,-0.0928,0.0565,0.0181,-0.0746
PHB,P35232,0.5352360700915695,0.46495783266912755,0.20450042718350625,0.551,0.823,0.944,FALSE,FALSE,FALSE,FALSE,0.14,-0.166,-0.306,0.00876,0.149,-0.157
PHGDH,O43175,0.8098807652455464,0.22099834058764467,0.30479874094365017,0.868,0.59,0.963,FALSE,FALSE,FALSE,FALSE,0.0555,0.305,0.25,-0.12,-0.0648,0.185
PKM,P14618,0.9045682025632328,0.3259033225104548,0.3800960854778467,0.904,0.733,0.97,FALSE,FALSE,FALSE,FALSE,0.0264,0.228,0.201,-0.0847,-0.0583,0.143
PKP1,Q13835,0.22918773987656438,0.08375002104169271,0.47115267021755725,0.0222,0.211,0.975,FALSE,FALSE,FALSE,FALSE,0.708,1.11,0.403,-0.606,0.102,0.505
PLEC,Q15149,0.732348040242436,0.8180108206862216,0.571936974108394,0.821,0.908,0.979,FALSE,FALSE,FALSE,FALSE,0.0622,-0.0417,-0.104,-0.00684,0.0554,-0.0486
PLIN3,O60664,0.6534140593385629,0.68446259234779006,0.9649892916388577,0.746,0.887,0.987,FALSE,FALSE,FALSE,FALSE,-0.192,-0.174,0.0186,0.122,-0.0704,-0.0517
POLD1,P28340,0.8970865515821571,0.8877111618871663,0.787340385680359,0.902,0.916,0.984,FALSE,FALSE,FALSE,FALSE,-0.0362,0.0396,0.0758,-0.00111,-0.0374,0.0385
PPAT,Q06203,0.9614990251347342,0.65369381390021,0.6878884108301505,0.918,0.881,0.982,FALSE,FALSE,FALSE,FALSE,-0.0148,-0.139,-0.124,0.0514,0.0365,-0.0879
PPIA,P62937,0.933140835114685,0.5506244640864169,0.6052081707276549,0.911,0.855,0.98,FALSE,FALSE,FALSE,FALSE,0.0388,0.281,0.242,-0.107,-0.0679,0.175
PPM1G,O15355,0.734444303911049,0.21572108877185275,0.13551945263133797,0.823,0.58,0.913,FALSE,FALSE,FALSE,FALSE,-0.061,0.24,0.301,-0.0598,-0.121,0.18
PPP2R1A,P30153,0.6491683903001955,0.7414988595543508,0.44294777438814237,0.741,0.897,0.974,FALSE,FALSE,FALSE,FALSE,-0.147,0.106,0.253,0.0137,-0.133,0.12
PPP5C,P53041,0.8629842679071542,0.7413501877559625,0.6183317202926824,0.89,0.897,0.98,FALSE,FALSE,FALSE,FALSE,0.0542,-0.104,-0.158,0.0166,0.0708,-0.0874
PRDX1,Q06830,0.25325771711471484,0.05155906463291779,0.2684530713676313,0.0407,0.0817,0.958,FALSE,FALSE,FALSE,FALSE,0.265,0.521,0.256,-0.262,0.00315,0.259
PRDX2,P32119,0.8613702789147074,0.5840630822309478,0.7050952022643437,0.89,0.864,0.982,FALSE,FALSE,FALSE,FALSE,0.0555,0.177,0.121,-0.0774,-0.0218,0.0992
PREP,P48147,0.705975720803321,0.5563356468757932,0.35002988624545944,0.8,0.857,0.967,FALSE,FALSE,FALSE,FALSE,0.0988,-0.156,-0.254,0.019,0.118,-0.137
PRKDC,P78527,0.9691679686369643,0.33968819159857033,0.3569828263007166,0.92,0.745,0.968,FALSE,FALSE,FALSE,FALSE,-0.0132,-0.342,-0.329,0.118,0.105,-0.224
PRMT1,Q99873,0.9495516326838851,0.8118532780954927,0.7637253633535331,0.915,0.907,0.984,FALSE,FALSE,FALSE,FALSE,0.0195,-0.0737,-0.0932,0.018,0.0376,-0.0556
PRPF40A,O75400,0.9813844166002947,0.8939413619686839,0.8755799242839362,0.922,0.916,0.985,FALSE,FALSE,FALSE,FALSE,-0.00732,0.0418,0.0492,-0.0115,-0.0188,0.0303
PRPF6,O94906,0.8928671589748862,0.622600724246023,0.5349279118090109,0.9,0.874,0.978,FALSE,FALSE,FALSE,FALSE,0.0274,-0.101,-0.129,0.0246,0.052,-0.0767
PRPF8,Q6P2Q9,0.6464390960038056,0.2655397718193503,0.4793159170667626,0.738,0.663,0.975,FALSE,FALSE,FALSE,FALSE,-0.176,-0.451,-0.275,0.209,0.0332,-0.242
PRRC2C,Q9Y520,0.5792135296802622,0.12324672278507477,0.2648343137007718,0.637,0.338,0.957,FALSE,FALSE,FALSE,FALSE,0.152,0.472,0.321,-0.208,-0.0563,0.264
PSAT1,Q9Y617,0.7930389785931373,0.8399587898655366,0.9514151697612211,0.86,0.91,0.986,FALSE,FALSE,FALSE,FALSE,-0.0963,-0.074,0.0223,0.0568,-0.0395,-0.0172
PSMA3,P25788,0.9184761753409934,0.8385218392966636,0.9189416514703651,0.908,0.91,0.986,FALSE,FALSE,FALSE,FALSE,0.0162,0.0323,0.0161,-0.0162,3.1e-5,0.0162
PSMA4,P25789,0.15796819867775583,0.5545655374968076,0.35322335514125885,0.00235,0.856,0.968,FALSE,FALSE,FALSE,FALSE,0.342,0.131,-0.211,-0.158,0.185,-0.0268
PSMB6,P28072,0.49868361224484803,0.5201014550345708,0.21410327114742395,0.467,0.845,0.947,FALSE,FALSE,FALSE,FALSE,0.249,-0.236,-0.484,-0.00427,0.244,-0.24
PSMC3,P17980,0.9775380652362234,0.3276167327430618,0.3158369305157939,0.921,0.734,0.964,FALSE,FALSE,FALSE,FALSE,-0.00444,0.162,0.167,-0.0527,-0.0571,0.11
PSMD11,O00231,0.6939124478682959,0.34269506774797076,0.20230891424482148,0.789,0.748,0.944,FALSE,FALSE,FALSE,FALSE,-0.0751,0.189,0.264,-0.0378,-0.113,0.151
PSMD12,O00232,0.6941346478031021,0.37290858003148597,0.22132107394360978,0.789,0.771,0.949,FALSE,FALSE,FALSE,FALSE,-0.0626,0.147,0.209,-0.0281,-0.0907,0.119
PSMD2,Q13200,0.7446042821897043,0.8731799947448284,0.8669658854653178,0.83,0.914,0.985,FALSE,FALSE,FALSE,FALSE,-0.0602,-0.0294,0.0308,0.0298,-0.0303,4.85e-4
PSMD3,O43242,0.6902819494319063,0.28729250585906246,0.4778184833162861,0.785,0.692,0.975,FALSE,FALSE,FALSE,FALSE,0.137,0.385,0.248,-0.174,-0.0371,0.211
PSME2,Q9UL46,0.9172639263667438,0.8355013481312231,0.9170696727361957,0.907,0.91,0.986,FALSE,FALSE,FALSE,FALSE,0.0478,0.0957,0.0479,-0.0478,-3.76e-5,0.0479
PSME3,P61289,0.4845353255403496,0.6632637724649656,0.782135971505789,0.432,0.883,0.984,FALSE,FALSE,FALSE,FALSE,-0.212,-0.13,0.082,0.114,-0.0979,-0.016
PTPN6,P29350,0.70733246037788855,0.797667915044258,0.5335836053043981,0.801,0.905,0.978,FALSE,FALSE,FALSE,FALSE,0.0549,-0.0373,-0.0922,-0.00585,0.0491,-0.0432
PUF60,Q9UHX1,0.3331340922818859,0.4146751624559563,0.8632525973560405,0.152,0.798,0.985,FALSE,FALSE,FALSE,FALSE,-0.376,-0.313,0.0638,0.23,-0.147,-0.0829
PUS1,Q9Y606,0.8488797562109951,0.6908179014569419,0.5609284562170075,0.885,0.888,0.979,FALSE,FALSE,FALSE,FALSE,0.0438,-0.0921,-0.136,0.0161,0.0599,-0.076
PYCARD,Q9ULZ3,0.7863858507938457,0.916458782314258,0.7082323349547452,0.856,0.919,0.983,FALSE,FALSE,FALSE,FALSE,-0.0993,0.0383,0.138,0.0203,-0.079,0.0586
PYGB,P11216,0.9830692215353958,0.8118869815003664,0.8282518040858005,0.922,0.907,0.985,FALSE,FALSE,FALSE,FALSE,0.00737,0.0829,0.0756,-0.0301,-0.0227,0.0528
PYGL,P06737,0.9001114824248029,0.6522907313699278,0.742940181068759,0.902,0.881,0.983,FALSE,FALSE,FALSE,FALSE,0.0374,0.136,0.0982,-0.0576,-0.0203,0.0779
RAB10,P61026,0.22846374401037486,0.5040196409535456,0.5442222343705516,0.022,0.839,0.978,FALSE,FALSE,FALSE,FALSE,0.224,0.118,-0.106,-0.114,0.11,0.00377
RAB11B,Q15907,0.6177767718121419,0.21808043819269046,0.10951664061900149,0.699,0.584,0.889,FALSE,FALSE,FALSE,FALSE,0.124,-0.329,-0.453,0.0681,0.192,-0.261
RAB14,P61106,0.6206385806234924,0.8372427442787937,0.7686113004383354,0.703,0.91,0.984,FALSE,FALSE,FALSE,FALSE,0.114,0.0468,-0.0671,-0.0535,0.0603,-0.00679
RAB1A,P62820,0.7240977394557451,0.3814477847129839,0.23962937647274357,0.815,0.777,0.953,FALSE,FALSE,FALSE,FALSE,0.0631,-0.162,-0.225,0.033,0.0961,-0.129
RAB3C,Q96E17,0.4978398137112757,0.6292313382325354,0.2679808689157225,0.465,0.876,0.958,FALSE,FALSE,FALSE,FALSE,-0.13,0.0914,0.221,0.0128,-0.117,0.104
RAB7A,P51149,0.4483646121883964,0.9752145439178574,0.46558932411014425,0.348,0.924,0.975,FALSE,FALSE,FALSE,FALSE,-0.124,-0.00494,0.119,0.043,-0.0812,0.0381
RAC2,P15153,0.8845743033096569,0.8640439145671588,0.7526347497384638,0.898,0.913,0.983,FALSE,FALSE,FALSE,FALSE,0.0241,-0.0285,-0.0526,0.00145,0.0256,-0.027
RAD23B,P54727,0.5592339595860897,0.6955058236124088,0.3456015188035583,0.6,0.889,0.967,FALSE,FALSE,FALSE,FALSE,-0.189,0.125,0.314,0.0212,-0.167,0.146
RANGAP1,P46060,0.9037997866273453,0.8347514800273773,0.9297970487748272,0.904,0.91,0.986,FALSE,FALSE,FALSE,FALSE,-0.0743,-0.128,-0.0542,0.0676,-0.00672,-0.0609
RARS,P54136,0.713528017195031,0.38015124809283457,0.5915838458317197,0.806,0.776,0.98,FALSE,FALSE,FALSE,FALSE,-0.0711,-0.176,-0.105,0.0824,0.0112,-0.0936
RHOG,P84095,0.6603781651351939,0.37337679281848546,0.6319559343720214,0.754,0.772,0.981,FALSE,FALSE,FALSE,FALSE,0.0745,0.156,0.0814,-0.0768,-0.00229,0.0791
RNH1,P13489,0.8266531800015041,0.28872718372093376,0.38348660766317105,0.876,0.693,0.97,FALSE,FALSE,FALSE,FALSE,0.0478,0.245,0.198,-0.0977,-0.0499,0.148
RPL10,P27635,0.7627328941448136,0.6947578623451904,0.9265180776384829,0.842,0.889,0.986,FALSE,FALSE,FALSE,FALSE,-0.0574,-0.0748,-0.0175,0.0441,-0.0133,-0.0308
RPL13,P26373,0.9083828181691054,0.41584239512611426,0.47858526854512745,0.905,0.799,0.975,FALSE,FALSE,FALSE,FALSE,0.035,0.256,0.221,-0.097,-0.062,0.159
RPL18,Q07020,0.969668397979991,0.7178496436407811,0.6902610394733153,0.92,0.893,0.982,FALSE,FALSE,FALSE,FALSE,-0.00688,0.0658,0.0727,-0.0196,-0.0265,0.0461
RPL19,P84098,0.8119810603268801,0.13193595473846761,0.18271914091699587,0.869,0.359,0.937,FALSE,FALSE,FALSE,FALSE,0.0825,0.59,0.507,-0.224,-0.142,0.366
RPL30,P62888,0.7774625044776323,0.618881218392173,0.826161243314899,0.851,0.873,0.985,FALSE,FALSE,FALSE,FALSE,0.0442,0.0785,0.0343,-0.0409,0.00331,0.0376
RPL31,P62899,0.7200623594248811,0.255376079988679,0.40770531047153313,0.812,0.649,0.972,FALSE,FALSE,FALSE,FALSE,0.181,0.612,0.431,-0.264,-0.0833,0.348
RPL36,Q9Y3U8,0.7634918643095772,0.5814994748229565,0.7972387208177326,0.843,0.864,0.984,FALSE,FALSE,FALSE,FALSE,0.102,0.19,0.0872,-0.0973,0.00502,0.0923
RPL36AL,Q969Q0,0.7705037944535191,0.23719781165082,0.15936450835948238,0.847,0.619,0.927,FALSE,FALSE,FALSE,FALSE,-0.0678,0.295,0.363,-0.0757,-0.144,0.219
RPL6,Q02878,0.9742260999624968,0.5383831204219411,0.518537362005081,0.921,0.851,0.977,FALSE,FALSE,FALSE,FALSE,-0.0197,0.383,0.403,-0.121,-0.141,0.262
RPN1,P04843,0.46332462378368233,0.2787725032574798,0.1001750701686207,0.378,0.681,0.876,FALSE,FALSE,FALSE,FALSE,0.125,-0.191,-0.317,0.0221,0.147,-0.169
RPN2,P04844,0.9086964871788666,0.6676872291573812,0.751178458969965,0.905,0.884,0.983,FALSE,FALSE,FALSE,FALSE,0.0889,0.336,0.247,-0.142,-0.0527,0.194
RPS16,P62249,0.8580107795120829,0.9153876762510929,0.9419009487249697,0.888,0.918,0.986,FALSE,FALSE,FALSE,FALSE,0.0382,0.0227,-0.0155,-0.0203,0.0179,0.00237
RPS19,P39019,0.7163379489583808,0.21883786819171344,0.3548474856494093,0.809,0.586,0.968,FALSE,FALSE,FALSE,FALSE,0.121,0.441,0.32,-0.187,-0.0664,0.254
RPS28,P62857,0.7455732128952985,0.12907940305542764,0.08293320595718212,0.831,0.352,0.845,FALSE,FALSE,FALSE,FALSE,-0.0609,0.322,0.382,-0.0869,-0.148,0.235
RPS3,P23396,0.7975614034651434,0.5460630706965219,0.7220702894156867,0.862,0.853,0.983,FALSE,FALSE,FALSE,FALSE,-0.0465,-0.111,-0.0646,0.0525,0.00606,-0.0586
RPS3A,P61247,0.8583980249374876,0.9161732232800253,0.9415064584876247,0.889,0.919,0.986,FALSE,FALSE,FALSE,FALSE,0.0431,0.0254,-0.0177,-0.0228,0.0203,0.00256
RPS4Y1,P22090,0.8929336929332783,0.6924184688010215,0.5990175893653971,0.9,0.888,0.98,FALSE,FALSE,FALSE,FALSE,0.0201,-0.0595,-0.0797,0.0131,0.0333,-0.0464
RPS5,P46782,0.9567091891633237,0.5666497470846883,0.5324365948659961,0.917,0.86,0.978,FALSE,FALSE,FALSE,FALSE,-0.0159,0.17,0.186,-0.0515,-0.0674,0.119
RPS6,P62753,0.9450692639553151,0.9544042777509694,0.8997333526005382,0.914,0.922,0.986,FALSE,FALSE,FALSE,FALSE,-0.0129,0.0107,0.0236,7.32e-4,-0.0122,0.0114
RPS8,P62241,0.858229456917728,0.8233265897056101,0.6896008996326778,0.889,0.908,0.982,FALSE,FALSE,FALSE,FALSE,0.0915,-0.114,-0.206,0.00766,0.0991,-0.107
RRBP1,Q9P2E9,0.7795398118447832,0.655283222205324,0.8651376752619245,0.852,0.881,0.985,FALSE,FALSE,FALSE,FALSE,-0.0666,-0.107,-0.0403,0.0578,-0.00876,-0.0491
RRM1,P23921,0.34534710168756877,0.6096490345558089,0.640709915134632,0.171,0.871,0.981,FALSE,FALSE,FALSE,FALSE,-0.295,-0.154,0.141,0.15,-0.145,-0.00452
RRM2,P31350,0.9245588506652141,0.8179976011465917,0.891903130368077,0.909,0.908,0.986,FALSE,FALSE,FALSE,FALSE,-0.0159,-0.0387,-0.0228,0.0182,0.00231,-0.0205
RUVBL2,Q9Y230,0.9708988378694461,0.9246634475147095,0.8957986336398788,0.92,0.919,0.986,FALSE,FALSE,FALSE,FALSE,0.00571,-0.0148,-0.0205,0.00303,0.00874,-0.0118
SEMG1,P04279,0.4893812400918446,0.13331366581379783,0.34553745754393267,0.444,0.362,0.967,FALSE,FALSE,FALSE,FALSE,1.25,2.99,1.74,-1.41,-0.164,1.58
SERPINB12,Q96P63,0.6631030962337541,0.15121079518134883,0.27419709397962566,0.757,0.414,0.959,FALSE,FALSE,FALSE,FALSE,0.415,1.51,1.1,-0.643,-0.228,0.872
SF1,Q15637,0.12221482340285121,0.729904525345234,0.19630943852275357,5e-4,0.895,0.942,FALSE,FALSE,FALSE,FALSE,-0.281,-0.0555,0.226,0.112,-0.169,0.0568
SF3B1,O75533,0.5042735634794158,0.5188620383217043,0.9806305505957305,0.48,0.844,0.987,FALSE,FALSE,FALSE,FALSE,-0.169,-0.163,0.00601,0.111,-0.0584,-0.0524
SF3B2,Q13435,0.9030861337425966,0.16797160758932278,0.19828177951171144,0.903,0.465,0.943,FALSE,FALSE,FALSE,FALSE,0.0301,0.378,0.348,-0.136,-0.106,0.242
SF3B3,Q15393,0.9722170152111314,0.9191250745230738,0.9467843535467728,0.92,0.919,0.986,FALSE,FALSE,FALSE,FALSE,0.00605,0.0177,0.0116,-0.00791,-0.00185,0.00976
SFPQ,P23246,0.8258643974051804,0.7269727461528517,0.5738067177635651,0.875,0.894,0.979,FALSE,FALSE,FALSE,FALSE,-0.0444,0.0707,0.115,-0.00878,-0.0532,0.062
SH3BGRL3,Q9H299,0.9061802658958691,0.6498273006212456,0.5706066801797333,0.904,0.88,0.979,FALSE,FALSE,FALSE,FALSE,-0.0468,0.182,0.229,-0.0451,-0.0919,0.137
SLC25A5,P05141,0.5586910433231783,0.1331119612115547,0.05975182584000297,0.599,0.361,0.768,FALSE,FALSE,FALSE,FALSE,0.228,-0.652,-0.88,0.141,0.37,-0.511
SMC2,O95347,0.9814016081304227,0.8534774367755699,0.8717141391397352,0.922,0.912,0.985,FALSE,FALSE,FALSE,FALSE,0.00358,0.0284,0.0249,-0.0107,-0.00709,0.0178
SMC3,Q9UQE7,0.43535238956160094,0.44017231914655613,0.15195654805912512,0.324,0.812,0.923,FALSE,FALSE,FALSE,FALSE,-0.145,0.144,0.289,5.4e-4,-0.145,0.144
SMC4,Q9NTJ3,0.8664925319624295,0.48028382950808396,0.5839136056681743,0.892,0.83,0.979,FALSE,FALSE,FALSE,FALSE,-0.0423,-0.182,-0.14,0.0747,0.0325,-0.107
SND1,Q7KZF4,0.9957518091288619,0.987121650341227,0.9828744287744173,0.925,0.925,0.987,FALSE,FALSE,FALSE,FALSE,-8.97e-4,0.00272,0.00362,-6.08e-4,-0.0015,0.00211
SNRNP200,O75643,0.9197348193262367,0.3620922354479238,0.41117103119408116,0.908,0.763,0.972,FALSE,FALSE,FALSE,FALSE,-0.0291,-0.275,-0.246,0.101,0.0723,-0.174
SQRDL,Q9Y6N5,0.6998733667781134,0.3274835293291534,0.529341836386517,0.794,0.734,0.978,FALSE,FALSE,FALSE,FALSE,-0.059,-0.157,-0.0976,0.0719,0.0129,-0.0848
SRP68,Q9UHB9,0.5984796940384989,0.9090153764410931,0.6772628818446549,0.67,0.918,0.982,FALSE,FALSE,FALSE,FALSE,0.1,0.0214,-0.0786,-0.0405,0.0595,-0.0191
SRRM2,Q9UQ35,0.7983571342541529,0.3807355151141611,0.5204166263265583,0.862,0.777,0.977,FALSE,FALSE,FALSE,FALSE,0.0625,0.223,0.16,-0.095,-0.0325,0.128
SRRT,Q9BXP5,0.4448174242002436,0.667756368910257,0.2546792283750191,0.341,0.884,0.956,FALSE,FALSE,FALSE,FALSE,-0.119,0.0652,0.184,0.0178,-0.101,0.083
SRSF1,Q07955,0.9656681484441356,0.8795685429629079,0.8458959098038765,0.919,0.915,0.985,FALSE,FALSE,FALSE,FALSE,-0.00646,0.0228,0.0292,-0.00543,-0.0119,0.0173
SRSF5,Q13243,0.3492432862048498,0.8246918148329859,0.26105412266484074,0.177,0.908,0.957,FALSE,FALSE,FALSE,FALSE,-0.152,0.0345,0.187,0.0393,-0.113,0.0737
SRSF6,Q13247,0.9854657161614166,0.18578196061036728,0.18123114911249524,0.923,0.512,0.937,FALSE,FALSE,FALSE,FALSE,-0.00265,0.212,0.215,-0.0697,-0.0724,0.142
STT3A,P46977,0.5124566835438994,0.03697959026479441,0.016551533770546103,0.5,0.0391,0.202,FALSE,FALSE,FALSE,FALSE,0.225,-0.895,-1.12,0.223,0.448,-0.671
SUPT16H,Q9Y5B9,0.9987815096874828,0.5852460921622088,0.5842450461642208,0.925,0.865,0.979,FALSE,FALSE,FALSE,FALSE,3.95e-4,-0.143,-0.144,0.0477,0.048,-0.0957
SYNCRIP,O60506,0.3985713096595536,0.9714411129317468,0.4167663605490733,0.265,0.924,0.972,FALSE,FALSE,FALSE,FALSE,-0.202,-0.00823,0.193,0.07,-0.132,0.0617
SYNGR2,O43760,0.37894304418065416,0.016877572612272754,0.006344050528425403,0.231,0.00258,0.0146,FALSE,FALSE,FALSE,FALSE,0.188,-0.679,-0.867,0.164,0.351,-0.515
TARS,P26639,0.8876446790698085,0.49145733100709,0.5789133929652951,0.899,0.834,0.979,FALSE,FALSE,FALSE,FALSE,-0.038,-0.19,-0.152,0.0759,0.0379,-0.114
TBCA,O75347,0.9395803724823655,0.5746522638413627,0.6251010362645202,0.913,0.862,0.981,FALSE,FALSE,FALSE,FALSE,0.0458,0.345,0.299,-0.13,-0.0844,0.215
TCEA1,P23193,0.7730155348617851,0.5163371833369428,0.7104209026563504,0.848,0.844,0.983,FALSE,FALSE,FALSE,FALSE,0.0536,0.123,0.0692,-0.0588,-0.0052,0.064
TCOF1,Q13428,0.9815757221811776,0.4665985381864966,0.4797318990628803,0.922,0.824,0.975,FALSE,FALSE,FALSE,FALSE,0.0116,0.376,0.365,-0.129,-0.118,0.247
TCP1,P17987,0.8605608575481862,0.97176333991616215,0.8883426775710961,0.889,0.924,0.986,FALSE,FALSE,FALSE,FALSE,-0.0335,-0.00673,0.0267,0.0134,-0.0201,0.00666
TFRC,P02786,0.9456544909251681,0.7004995190833013,0.750645285574463,0.914,0.89,0.983,FALSE,FALSE,FALSE,FALSE,0.0276,0.157,0.129,-0.0615,-0.0339,0.0954
TIMM44,O43615,0.6760194874738925,0.043247185549109265,0.025611900328892937,0.771,0.0574,0.409,FALSE,FALSE,FALSE,FALSE,0.156,-0.94,-1.1,0.261,0.417,-0.678
TIMM50,Q3ZCQ8,0.5540720140493225,0.3368849715727637,0.1500642145094393,0.59,0.743,0.922,FALSE,FALSE,FALSE,FALSE,0.117,-0.195,-0.312,0.0262,0.143,-0.169
TKT,P29401,0.6308509766961028,0.8331186406597545,0.49609556142180733,0.718,0.909,0.976,FALSE,FALSE,FALSE,FALSE,-0.126,0.0547,0.181,0.0238,-0.102,0.0785
TLN1,Q9Y490,0.8855691842385434,0.4801532137083031,0.4024984974889677,0.898,0.83,0.971,FALSE,FALSE,FALSE,FALSE,-0.0249,0.125,0.15,-0.0334,-0.0583,0.0917
TMPPE,Q6ZT21,0.38544003245171715,0.05042225278257119,0.01673163958059166,0.243,0.0785,0.207,FALSE,FALSE,FALSE,FALSE,0.247,-0.662,-0.909,0.139,0.385,-0.524
TMX1,Q9H3N1,0.12851926364881852,0.3621496975791129,0.03652436975580192,5.93e-4,0.763,0.585,FALSE,FALSE,FALSE,FALSE,0.364,-0.201,-0.564,-0.0543,0.309,-0.255
TPM2,P07951,0.7180936924824963,0.9749684584290319,0.6952871778187562,0.81,0.924,0.982,FALSE,FALSE,FALSE,FALSE,-0.295,0.0255,0.32,0.0898,-0.205,0.115
TPM3,P06753,0.9471068475510266,0.7324172244063284,0.7821195498298343,0.915,0.895,0.984,FALSE,FALSE,FALSE,FALSE,0.0504,0.261,0.211,-0.104,-0.0535,0.157
TPM3P4,A6NL28,0.9470292641586024,0.6814960543440731,0.6348997210078933,0.915,0.886,0.981,FALSE,FALSE,FALSE,FALSE,-0.0392,0.244,0.284,-0.0684,-0.108,0.176
TPR,P12270,0.7607481224328989,0.2296145701817714,0.1514873923452826,0.841,0.606,0.923,FALSE,FALSE,FALSE,FALSE,0.0611,-0.26,-0.321,0.0661,0.127,-0.193
TRAP1,Q12931,0.700191573696977,0.8674316765680461,0.8255869398667385,0.795,0.913,0.985,FALSE,FALSE,FALSE,FALSE,-0.18,-0.0775,0.102,0.0858,-0.0941,0.0083
TRIM28,Q13263,0.9415996361231994,0.5063944680205549,0.4639838718892627,0.913,0.84,0.975,FALSE,FALSE,FALSE,FALSE,-0.0252,0.234,0.259,-0.0696,-0.0949,0.165
TTLL12,Q14166,0.965185979653204,0.7576278455053209,0.7252130307914729,0.919,0.899,0.983,FALSE,FALSE,FALSE,FALSE,-0.0151,0.107,0.122,-0.0306,-0.0457,0.0763
TUBA1B,P68363,0.7936209040003338,0.5954467066432781,0.7830838645862733,0.86,0.867,0.984,FALSE,FALSE,FALSE,FALSE,-0.0411,-0.0844,-0.0433,0.0419,7.23e-4,-0.0426
TUBA4A,P68366,0.7846294053329324,0.48783881556374875,0.664963672783143,0.855,0.833,0.982,FALSE,FALSE,FALSE,FALSE,0.0518,0.134,0.0826,-0.0621,-0.0103,0.0723
TUBB2A,Q13885,0.9759033717616686,0.9577342634678867,0.9337074849386402,0.921,0.922,0.986,FALSE,FALSE,FALSE,FALSE,0.00563,-0.00988,-0.0155,0.00142,0.00705,-0.00846
TUBB4B,P68371,0.8861250228140767,0.9189007827544453,0.8068711669613291,0.898,0.919,0.984,FALSE,FALSE,FALSE,FALSE,-0.0317,0.0225,0.0542,0.00305,-0.0286,0.0255
TUFM,P49411,0.3999336608785519,0.8500504072834356,0.31383104794278266,0.267,0.911,0.964,FALSE,FALSE,FALSE,FALSE,-0.13,0.0282,0.159,0.034,-0.0963,0.0623
UBA1,P22314,0.6984048258829281,0.5231663993166751,0.7941205251361995,0.793,0.846,0.984,FALSE,FALSE,FALSE,FALSE,-0.0722,-0.121,-0.0484,0.0643,-0.00793,-0.0564
UBE2M,P61081,0.9765478283467965,0.8087405647280678,0.8314103311560948,0.921,0.906,0.985,FALSE,FALSE,FALSE,FALSE,0.00472,0.039,0.0342,-0.0146,-0.00984,0.0244
UBQLN2,Q9UHD9,0.9758710575785237,0.5596299804800444,0.5791308244412465,0.921,0.857,0.979,FALSE,FALSE,FALSE,FALSE,-0.00531,-0.104,-0.0989,0.0365,0.0312,-0.0677
UBTF,P17480,0.46187134472973157,0.6146351792770567,0.23949487472826497,0.374,0.872,0.953,FALSE,FALSE,FALSE,FALSE,-0.121,0.0816,0.203,0.0132,-0.108,0.0948
UHRF1,Q96T88,0.8807373800308085,0.49414993610221125,0.4116165629390544,0.896,0.835,0.972,FALSE,FALSE,FALSE,FALSE,-0.0294,0.137,0.167,-0.036,-0.0654,0.101
UMPS,P11172,0.7871470682803445,0.6340091160434225,0.4643408566833945,0.856,0.877,0.975,FALSE,FALSE,FALSE,FALSE,0.0561,-0.0996,-0.156,0.0145,0.0706,-0.0851
USP14,P54578,0.5207291461444954,0.1789872526822218,0.0734532398093774,0.519,0.495,0.82,FALSE,FALSE,FALSE,FALSE,-0.102,0.23,0.332,-0.0427,-0.145,0.187
USP5,P45974,0.7726032099443121,0.1857578884905316,0.2745861906032154,0.848,0.512,0.959,FALSE,FALSE,FALSE,FALSE,0.0815,0.408,0.327,-0.163,-0.0818,0.245
VARS,P26640,0.7422447441066342,0.36508705596331364,0.23643619180900943,0.828,0.766,0.952,FALSE,FALSE,FALSE,FALSE,0.057,-0.163,-0.22,0.0354,0.0924,-0.128
VCL,P18206,0.7495213583674796,0.7286363427362765,0.9775349562927728,0.833,0.895,0.987,FALSE,FALSE,FALSE,FALSE,0.0616,0.0671,0.00541,-0.0429,0.0187,0.0242
VCP,P55072,0.7519450496740347,0.6905019024143968,0.48348499763450253,0.835,0.888,0.976,FALSE,FALSE,FALSE,FALSE,-0.0698,0.0883,0.158,-0.00614,-0.076,0.0821
VIM,P08670,0.7794865348708659,0.5616635330028302,0.40105569654839524,0.852,0.858,0.971,FALSE,FALSE,FALSE,FALSE,0.105,-0.22,-0.325,0.0384,0.143,-0.182
VPS35,Q96QK1,0.21550640197096796,0.13669268163979845,0.7396663625869518,0.0173,0.369,0.983,FALSE,FALSE,FALSE,FALSE,-0.274,-0.342,-0.068,0.205,-0.0686,-0.137
WARS,P23381,0.9662337466556077,0.6823416554735491,0.6524333197232395,0.919,0.887,0.981,FALSE,FALSE,FALSE,FALSE,-0.0176,0.172,0.19,-0.0515,-0.0691,0.121
XRCC5,P13010,0.6531831648857821,0.9649898387403641,0.6842255942815205,0.746,0.923,0.982,FALSE,FALSE,FALSE,FALSE,-0.0982,-0.00949,0.0887,0.0359,-0.0623,0.0264
YARS,P54577,0.8029102813512143,0.9803246479965082,0.8218709404651696,0.865,0.924,0.985,FALSE,FALSE,FALSE,FALSE,0.0479,0.00472,-0.0432,-0.0175,0.0304,-0.0128
YWHAE,P62258,0.9141166489225843,0.8268209442801271,0.7448639784250053,0.906,0.909,0.983,FALSE,FALSE,FALSE,FALSE,-0.023,0.0467,0.0697,-0.00791,-0.0309,0.0388
YWHAH,Q04917,0.9945888271052257,0.5259993148439382,0.5301633586112345,0.925,0.847,0.978,FALSE,FALSE,FALSE,FALSE,0.00106,0.101,0.1,-0.0342,-0.0331,0.0673
YWHAQ,P27348,0.9387796218780651,0.3817749004223046,0.3461486794187503,0.913,0.778,0.967,FALSE,FALSE,FALSE,FALSE,-0.0128,0.152,0.165,-0.0464,-0.0592,0.106
YWHAZ,P63104,0.8244744598234001,0.22526369273817193,0.30289651220740293,0.875,0.598,0.962,FALSE,FALSE,FALSE,FALSE,0.0346,0.205,0.17,-0.0797,-0.0451,0.125
