chain,aa.residue,aa,residue,WT,count,clen,frac
ATP5A1,A445,A,445,TRUE,125077,562,0.1539070990742813
ATP5A1,F446,A,446,FALSE,1513,562,0.0018617446924645428
ATP5A1,Q448,A,448,FALSE,1407,562,0.0017313118190995448
ATP5A1,F449,A,449,FALSE,671,562,8.256646983765421e-4
ATP5A1,D452,A,452,FALSE,1701,562,0.0020930784678666143
ATP5B,D436,A,436,FALSE,766,538,9.023103232508976e-4
ATP5B,I437,A,437,FALSE,1694,538,0.001995448678312037
ATP5B,I440,A,440,FALSE,1647,538,0.0019400849900707944
ATP5B,L441,A,441,FALSE,471,538,5.548148332260741e-4
ATP5B,E445,A,445,FALSE,1334,538,0.0015713863854003882
ATP5B,L446,A,446,FALSE,708,538,8.339891760595765e-4
ATP5B,S447,A,447,FALSE,1909,538,0.0022487081032453835
ATP5B,D450,A,450,FALSE,706,538,8.316332744322894e-4
ATP5C,I41,A,41,FALSE,3708,307,0.0024924300676875937
ATP5C,I44,A,44,FALSE,4128,307,0.0027747441530243757
ATP5C,M48,A,48,FALSE,2471,307,0.0016609478687314035
ATP5C,K55,A,55,FALSE,6274,307,0.0042172346938166025
ATP5C,R100,A,100,FALSE,6956,307,0.004675658994292045
ATP5C,G101,A,101,FALSE,1875,307,0.001260330738110636
ATP5C,L102,A,102,FALSE,3712,307,0.0024951187732622296
ATP5C,R253,A,253,FALSE,5318,307,0.0035746340614785928
ATP5A1,A445,C,445,FALSE,713,562,8.773456482004091e-4
ATP5A1,F446,C,446,FALSE,1310,562,0.0016119534349825187
ATP5A1,Q448,C,448,FALSE,998,562,0.0012280378077195067
ATP5A1,F449,C,449,FALSE,533,562,6.558558632409789e-4
ATP5A1,D452,C,452,FALSE,1255,562,0.0015442760006893596
ATP5B,D436,C,436,FALSE,806,538,9.494283557966364e-4
ATP5B,I437,C,437,FALSE,2256,538,0.0026574570355796675
ATP5B,I440,C,440,FALSE,1399,538,0.001647953188287214
ATP5B,L441,C,441,FALSE,423,538,4.982731941711876e-4
ATP5B,E445,C,445,FALSE,1107,538,0.0013039915507033206
ATP5B,L446,C,446,FALSE,327,538,3.851899160614145e-4
ATP5B,S447,C,447,FALSE,2163,538,0.0025479076099108244
ATP5B,D450,C,450,FALSE,621,538,7.315074552725945e-4
ATP5C,I41,C,41,FALSE,4575,307,0.003075207000989952
ATP5C,I44,C,44,FALSE,3013,307,0.0020252674740945846
ATP5C,M48,C,48,FALSE,2898,307,0.001947967188823799
ATP5C,K55,C,55,FALSE,4178,307,0.002808352972707326
ATP5C,R100,C,100,FALSE,3352,307,0.0022531352715449873
ATP5C,G101,C,101,FALSE,1801,307,0.0012105896849798695
ATP5C,L102,C,102,FALSE,4269,307,0.002869521024530296
ATP5C,R253,C,253,FALSE,5003,307,0.003362898497476006
ATP5A1,A445,D,445,FALSE,867,562,0.0010668424642212549
ATP5A1,F446,D,446,FALSE,1349,562,0.0016599428883903953
ATP5A1,Q448,D,448,FALSE,1053,562,0.0012957152420126658
ATP5A1,F449,D,449,FALSE,605,562,7.444517772247511e-4
ATP5A1,D452,D,452,TRUE,99210,562,0.12207778647680587
ATP5B,D436,D,436,TRUE,269374,538,0.31730932247439597
ATP5B,I437,D,437,FALSE,2312,538,0.0027234222811437013
ATP5B,I440,D,440,FALSE,1047,538,0.0012333145018847127
ATP5B,L441,D,441,FALSE,318,538,3.745883587386233e-4
ATP5B,E445,D,445,FALSE,1081,538,0.0012733648295485905
ATP5B,L446,D,446,FALSE,579,538,6.820335210995688e-4
ATP5B,S447,D,447,FALSE,2064,538,0.0024312904793601206
ATP5B,D450,D,450,TRUE,247508,538,0.29155224998326784
ATP5C,I41,D,41,FALSE,2852,307,0.0019170470747154845
ATP5C,I44,D,44,FALSE,2440,307,0.001640110400527974
ATP5C,M48,D,48,FALSE,1827,307,0.0012280662712150037
ATP5C,K55,D,55,FALSE,4494,307,0.0030207607131035722
ATP5C,R100,D,100,FALSE,6183,307,0.0041560666419936335
ATP5C,G101,D,101,FALSE,2627,307,0.0017658073861422081
ATP5C,L102,D,102,FALSE,3933,307,0.00264366975626087
ATP5C,R253,D,253,FALSE,5054,307,0.003397179493552615
ATP5A1,A445,E,445,FALSE,679,562,8.355086888191834e-4
ATP5A1,F446,E,446,FALSE,1219,562,0.0014999780436974735
ATP5A1,Q448,E,448,FALSE,1269,562,0.001561502983963982
ATP5A1,F449,E,449,FALSE,551,562,6.78004841736922e-4
ATP5A1,D452,E,452,FALSE,1604,562,0.001973720083749588
ATP5B,D436,E,436,FALSE,1996,538,0.0023511898240323654
ATP5B,I437,E,437,FALSE,3198,538,0.0037670867020318157
ATP5B,I440,E,440,FALSE,1329,538,0.001565496631332171
ATP5B,L441,E,441,FALSE,410,538,4.829598335938225e-4
ATP5B,E445,E,445,TRUE,252687,538,0.29765285724712737
ATP5B,L446,E,446,FALSE,1553,538,0.001829357613588308
ATP5B,S447,E,447,FALSE,1763,538,0.0020767272844534365
ATP5B,D450,E,450,FALSE,936,538,0.0011025619615702873
ATP5C,I41,E,41,FALSE,2852,307,0.0019170470747154845
ATP5C,I44,E,44,FALSE,1775,307,0.0011931130987447355
ATP5C,M48,E,48,FALSE,2002,307,0.0013456971401053295
ATP5C,K55,E,55,FALSE,4211,307,0.0028305347936980734
ATP5C,R100,E,100,FALSE,4499,307,0.0030241215950718675
ATP5C,G101,E,101,FALSE,3531,307,0.0023734548460099493
ATP5C,L102,E,102,FALSE,2935,307,0.001972837715389182
ATP5C,R253,E,253,FALSE,7268,307,0.004885378029113654
ATP5A1,A445,F,445,FALSE,548,562,6.743133453209315e-4
ATP5A1,F446,F,446,TRUE,116100,562,0.1428609112988324
ATP5A1,Q448,F,448,FALSE,2015,562,0.002479455092740286
ATP5A1,F449,F,449,TRUE,120347,562,0.1480868397250696
ATP5A1,D452,F,452,FALSE,1189,562,0.0014630630795375685
ATP5B,D436,F,436,FALSE,1009,538,0.0011885523709662608
ATP5B,I437,F,437,FALSE,2075,538,0.002444247938310199
ATP5B,I440,F,440,FALSE,1753,538,0.0020649477763170017
ATP5B,L441,F,441,FALSE,462,538,5.44213275903283e-4
ATP5B,E445,F,445,FALSE,1027,538,0.0012097554856118431
ATP5B,L446,F,446,FALSE,532,538,6.266698328583258e-4
ATP5B,S447,F,447,FALSE,2415,538,0.002844751214948979
ATP5B,D450,F,450,FALSE,897,538,0.0010566218798381923
ATP5C,I41,F,41,FALSE,2935,307,0.001972837715389182
ATP5C,I44,F,44,FALSE,3665,307,0.0024635264827602564
ATP5C,M48,F,48,FALSE,1819,307,0.0012226888600657315
ATP5C,K55,F,55,FALSE,3691,307,0.0024810030689953904
ATP5C,R100,F,100,FALSE,6309,307,0.004240760867594668
ATP5C,G101,F,101,FALSE,1386,307,9.31636481611382e-4
ATP5C,L102,F,102,FALSE,3719,307,0.0024998240080178423
ATP5C,R253,F,253,FALSE,8982,307,0.006037488367845191
ATP5A1,A445,G,445,FALSE,835,562,0.0010274665024506894
ATP5A1,F446,G,446,FALSE,889,562,0.0010939134379385185
ATP5A1,Q448,G,448,FALSE,1392,562,0.0017128543370195926
ATP5A1,F449,G,449,FALSE,705,562,8.675016577577678e-4
ATP5A1,D452,G,452,FALSE,2497,562,0.003072555516909427
ATP5B,D436,G,436,FALSE,2184,538,0.0025726445769973373
ATP5B,I437,G,437,FALSE,2859,538,0.003367761376206679
ATP5B,I440,G,440,FALSE,1402,538,0.001651487040728144
ATP5B,L441,G,441,FALSE,518,538,6.101785214673172e-4
ATP5B,E445,G,445,FALSE,1146,538,0.001349931632435416
ATP5B,L446,G,446,FALSE,811,538,9.553181098648537e-4
ATP5B,S447,G,447,FALSE,1484,538,0.0017480790074469088
ATP5B,D450,G,450,FALSE,1003,538,0.0011814846660843999
ATP5C,I41,G,41,FALSE,3239,307,0.0021771793390615198
ATP5C,I44,G,44,FALSE,2758,307,0.0018538624937115382
ATP5C,M48,G,48,FALSE,1493,307,0.0010035593557328956
ATP5C,K55,G,55,FALSE,3861,307,0.0025952730559174217
ATP5C,R100,G,100,FALSE,7066,307,0.004749598397594535
ATP5C,G101,G,101,TRUE,870726,307,0.5852814625451315
ATP5C,L102,G,102,FALSE,3530,307,0.0023727826696162907
ATP5C,R253,G,253,FALSE,7852,307,0.005277929043010513
ATP5A1,A445,H,445,FALSE,538,562,6.620083572676298e-4
ATP5A1,F446,H,446,FALSE,1202,562,0.0014790595640068608
ATP5A1,Q448,H,448,FALSE,1052,562,0.0012944847432073356
ATP5A1,F449,H,449,FALSE,888,562,0.0010926829391331883
ATP5A1,D452,H,452,FALSE,1626,562,0.0020007910574668516
ATP5B,D436,H,436,FALSE,1051,538,0.0012380263051392864
ATP5B,I437,H,437,FALSE,3123,538,0.003678740391008555
ATP5B,I440,H,440,FALSE,1893,538,0.0022298608902270875
ATP5B,L441,H,441,FALSE,527,538,6.207800787901084e-4
ATP5B,E445,H,445,FALSE,975,538,0.0011485020433023828
ATP5B,L446,H,446,FALSE,1589,538,0.0018717638428794728
ATP5B,S447,H,447,FALSE,2376,538,0.0027988111332168833
ATP5B,D450,H,450,FALSE,932,538,0.0010978501583157134
ATP5C,I41,H,41,FALSE,3755,307,0.002524022358189567
ATP5C,I44,H,44,FALSE,2705,307,0.0018182371448476108
ATP5C,M48,H,48,FALSE,3231,307,0.0021718019279122476
ATP5C,K55,H,55,FALSE,4902,307,0.003295008681716446
ATP5C,R100,H,100,FALSE,5578,307,0.0037493999238299345
ATP5C,G101,H,101,FALSE,2362,307,0.0015876806418225718
ATP5C,L102,H,102,FALSE,3608,307,0.0024252124283216927
ATP5C,R253,H,253,FALSE,3797,307,0.002552253766723245
ATP5A1,A445,I,445,FALSE,840,562,0.0010336189964773403
ATP5A1,F446,I,446,FALSE,1155,562,0.0014212261201563428
ATP5A1,Q448,I,448,FALSE,1070,562,0.0013166337217032787
ATP5A1,F449,I,449,FALSE,673,562,8.281256959872024e-4
ATP5A1,D452,I,452,FALSE,2772,562,0.003410942688375223
ATP5B,D436,I,436,FALSE,910,538,0.0010719352404155572
ATP5B,I437,I,437,TRUE,250777,538,0.29540297119306835
ATP5B,I440,I,440,TRUE,251493,538,0.296246383975637
ATP5B,L441,I,441,FALSE,404,538,4.7589212871196167e-4
ATP5B,E445,I,445,FALSE,1093,538,0.0012875002393123122
ATP5B,L446,I,446,FALSE,718,538,8.45768684196011e-4
ATP5B,S447,I,447,FALSE,2328,538,0.0027422694941619972
ATP5B,D450,I,450,FALSE,828,538,9.753432736967927e-4
ATP5C,I41,I,41,TRUE,557892,307,0.37500183261121006
ATP5C,I44,I,44,TRUE,571086,307,0.383870527949147
ATP5C,M48,I,48,FALSE,3006,307,0.0020205622393389714
ATP5C,K55,I,55,FALSE,4062,307,0.0027303805110428818
ATP5C,R100,I,100,FALSE,7567,307,0.005086358770817697
ATP5C,G101,I,101,FALSE,3783,307,0.002542843297212019
ATP5C,L102,I,102,FALSE,2803,307,0.0018841104314261934
ATP5C,R253,I,253,FALSE,5130,307,0.0034482648994706997
ATP5A1,A445,K,445,FALSE,928,562,0.0011419028913463951
ATP5A1,F446,K,446,FALSE,1050,562,0.0012920237455966753
ATP5A1,Q448,K,448,FALSE,1139,562,0.00140153813927106
ATP5A1,F449,K,449,FALSE,710,562,8.736541517844186e-4
ATP5A1,D452,K,452,FALSE,1743,562,0.002144759417690481
ATP5B,D436,K,436,FALSE,1414,538,0.0016656224504918659
ATP5B,I437,K,437,FALSE,2056,538,0.0024218668728509733
ATP5B,I440,K,440,FALSE,1196,538,0.0014088291731175896
ATP5B,L441,K,441,FALSE,643,538,7.574223731727508e-4
ATP5B,E445,K,445,FALSE,1150,538,0.0013546434356899897
ATP5B,L446,K,446,FALSE,759,538,8.940646675553933e-4
ATP5B,S447,K,447,FALSE,2361,538,0.0027811418710122315
ATP5B,D450,K,450,FALSE,829,538,9.765212245104362e-4
ATP5C,I41,K,41,FALSE,2994,307,0.0020124961226150634
ATP5C,I44,K,44,FALSE,1742,307,0.001170931277753988
ATP5C,M48,K,48,FALSE,1964,307,0.0013201544371462873
ATP5C,K55,K,55,TRUE,636638,307,0.42793303490628215
ATP5C,R100,K,100,FALSE,6136,307,0.00412447435149166
ATP5C,G101,K,101,FALSE,1450,307,9.746557708055585e-4
ATP5C,L102,K,102,FALSE,3438,307,0.0023109424413996623
ATP5C,R253,K,253,FALSE,7934,307,0.005333047507290553
ATP5A1,A445,L,445,FALSE,830,562,0.0010213140084240385
ATP5A1,F446,L,446,FALSE,783,562,9.634805645735208e-4
ATP5A1,Q448,L,448,FALSE,1008,562,0.0012403427957728083
ATP5A1,F449,L,449,FALSE,778,562,9.573280705468699e-4
ATP5A1,D452,L,452,FALSE,1955,562,0.0024056251644204766
ATP5B,D436,L,436,FALSE,1338,538,0.001576098188654962
ATP5B,I437,L,437,FALSE,1914,538,0.0022545978573136004
ATP5B,I440,L,440,FALSE,1290,538,0.0015195565496000756
ATP5B,L441,L,441,TRUE,268817,538,0.31665320387119655
ATP5B,E445,L,445,FALSE,1315,538,0.0015490053199411625
ATP5B,L446,L,446,TRUE,269264,538,0.31717974788489517
ATP5B,S447,L,447,FALSE,2281,538,0.002686905805920754
ATP5B,D450,L,450,FALSE,810,538,9.541401590512103e-4
ATP5C,I41,L,41,FALSE,3380,307,0.0022719562105674397
ATP5C,I44,L,44,FALSE,3033,307,0.002038711001967765
ATP5C,M48,L,48,FALSE,2734,307,0.0018377302602637221
ATP5C,K55,L,55,FALSE,5428,307,0.0036485734647810834
ATP5C,R100,L,100,FALSE,3998,307,0.0026873612218487053
ATP5C,G101,L,101,FALSE,1174,307,7.891350861556728e-4
ATP5C,L102,L,102,TRUE,780496,307,0.5246309865452794
ATP5C,R253,L,253,FALSE,5242,307,0.0035235486555605083
ATP5A1,A445,M,445,FALSE,651,562,8.010547222699387e-4
ATP5A1,F446,M,446,FALSE,1068,562,0.0013141727240926183
ATP5A1,Q448,M,448,FALSE,1069,562,0.0013154032228979485
ATP5A1,F449,M,449,FALSE,729,562,8.970336290856917e-4
ATP5A1,D452,M,452,FALSE,1649,562,0.0020290925299894453
ATP5B,D436,M,436,FALSE,2229,538,0.0026256523636112934
ATP5B,I437,M,437,FALSE,2647,538,0.003118035803714264
ATP5B,I440,M,440,FALSE,1518,538,0.0017881293351107866
ATP5B,L441,M,441,FALSE,801,538,9.43538601728419e-4
ATP5B,E445,M,445,FALSE,1477,538,0.0017398333517514044
ATP5B,L446,M,446,FALSE,969,538,0.0011414343384205218
ATP5B,S447,M,447,FALSE,3396,538,0.004000320963133222
ATP5B,D450,M,450,FALSE,855,538,0.0010071479456651663
ATP5C,I41,M,41,FALSE,2549,307,0.001713377627436806
ATP5C,I44,M,44,FALSE,3458,307,0.002324385969272842
ATP5C,M48,M,48,TRUE,621328,307,0.41764201431936276
ATP5C,K55,M,55,FALSE,4067,307,0.0027337413930111766
ATP5C,R100,M,100,FALSE,7565,307,0.005085014418030379
ATP5C,G101,M,101,FALSE,1452,307,9.760001235928764e-4
ATP5C,L102,M,102,FALSE,3497,307,0.002350600848625543
ATP5C,R253,M,253,FALSE,4980,307,0.003347438440421849
ATP5A1,A445,N,445,FALSE,681,562,8.379696864298438e-4
ATP5A1,F446,N,446,FALSE,1168,562,0.0014372226046256349
ATP5A1,Q448,N,448,FALSE,897,562,0.0011037574283811599
ATP5A1,F449,N,449,FALSE,402,562,4.946605197427271e-4
ATP5A1,D452,N,452,FALSE,2141,562,0.002634497942211888
ATP5B,D436,N,436,FALSE,986,538,0.0011614595022524609
ATP5B,I437,N,437,FALSE,1917,538,0.0022581317097545308
ATP5B,I440,N,440,FALSE,1178,538,0.001387626058472007
ATP5B,L441,N,441,FALSE,427,538,5.029849974257615e-4
ATP5B,E445,N,445,FALSE,1120,538,0.0013193049112806858
ATP5B,L446,N,446,FALSE,907,538,0.0010684013879746269
ATP5B,S447,N,447,FALSE,2196,538,0.002586779986761059
ATP5B,D450,N,450,FALSE,1032,538,0.0012156452396800603
ATP5C,I41,N,41,FALSE,3237,307,0.002175834986274202
ATP5C,I44,N,44,FALSE,3213,307,0.0021597027528263858
ATP5C,M48,N,48,FALSE,2387,307,0.0016044850516640469
ATP5C,K55,N,55,FALSE,3898,307,0.0026201435824828043
ATP5C,R100,N,100,FALSE,6156,307,0.004137917879364839
ATP5C,G101,N,101,FALSE,2576,307,0.001731526390065599
ATP5C,L102,N,102,FALSE,2207,307,0.001483493300805426
ATP5C,R253,N,253,FALSE,6398,307,0.00430058456663032
ATP5A1,A445,P,445,FALSE,941,562,0.0011578993758156872
ATP5A1,F446,P,446,FALSE,1002,562,0.0012329598029408274
ATP5A1,Q448,P,448,FALSE,1883,562,0.0023170292504367043
ATP5A1,F449,P,449,FALSE,615,562,7.567567652780528e-4
ATP5A1,D452,P,452,FALSE,2338,562,0.00287690620686193
ATP5B,D436,P,436,FALSE,1136,538,0.0013381521242989813
ATP5B,I437,P,437,FALSE,1740,538,0.002049634415739637
ATP5B,I440,P,440,FALSE,1530,538,0.0018022647448745082
ATP5B,L441,P,441,FALSE,612,538,7.209058979498034e-4
ATP5B,E445,P,445,FALSE,1914,538,0.0022545978573136004
ATP5B,L446,P,446,FALSE,497,538,5.854415543808044e-4
ATP5B,S447,P,447,FALSE,2046,538,0.0024100873647145385
ATP5B,D450,P,450,FALSE,630,538,7.421090125953858e-4
ATP5C,I41,P,41,FALSE,2631,307,0.0017684960917168442
ATP5C,I44,P,44,FALSE,3491,307,0.0023465677902635893
ATP5C,M48,P,48,FALSE,2630,307,0.0017678239153231855
ATP5C,K55,P,55,FALSE,3361,307,0.0022591848590879184
ATP5C,R100,P,100,FALSE,4030,307,0.002708870866445793
ATP5C,G101,P,101,FALSE,1438,307,9.665896540816503e-4
ATP5C,L102,P,102,FALSE,2518,307,0.0016925401592333767
ATP5C,R253,P,253,FALSE,6994,307,0.004701201697251086
ATP5A1,A445,Q,445,FALSE,559,562,6.878488321795633e-4
ATP5A1,F446,Q,446,FALSE,1252,562,0.001540584504273369
ATP5A1,Q448,Q,448,TRUE,107024,562,0.1316929041416558
ATP5A1,F449,Q,449,FALSE,550,562,6.767743429315918e-4
ATP5A1,D452,Q,452,FALSE,1677,562,0.0020635464965386902
ATP5B,D436,Q,436,FALSE,1104,538,0.0013004576982623903
ATP5B,I437,Q,437,FALSE,1397,538,0.0016455972866599269
ATP5B,I440,Q,440,FALSE,1570,538,0.001849382777420247
ATP5B,L441,Q,441,FALSE,471,538,5.548148332260741e-4
ATP5B,E445,Q,445,FALSE,1041,538,0.0012262467970028518
ATP5B,L446,Q,446,FALSE,1186,538,0.0013970496649811548
ATP5B,S447,Q,447,FALSE,2331,538,0.002745803346602927
ATP5B,D450,Q,450,FALSE,1393,538,0.001640885483405353
ATP5C,I41,Q,41,FALSE,2796,307,0.0018794051966705804
ATP5C,I44,Q,44,FALSE,2680,307,0.0018014327350061355
ATP5C,M48,Q,48,FALSE,1620,307,0.0010889257577275894
ATP5C,K55,Q,55,FALSE,3412,307,0.002293465855164528
ATP5C,R100,Q,100,FALSE,4515,307,0.003034876417370411
ATP5C,G101,Q,101,FALSE,3809,307,0.002560319883447153
ATP5C,L102,Q,102,FALSE,3075,307,0.0020669424105014427
ATP5C,R253,Q,253,FALSE,6533,307,0.004391328379774285
ATP5A1,A445,R,445,FALSE,877,562,0.0010791474522745565
ATP5A1,F446,R,446,FALSE,988,562,0.0012157328196662049
ATP5A1,Q448,R,448,FALSE,845,562,0.001039771490503991
ATP5A1,F449,R,449,FALSE,640,562,7.87519235411307e-4
ATP5A1,D452,R,452,FALSE,1588,562,0.0019540321028643053
ATP5B,D436,R,436,FALSE,952,538,0.0011214091745885828
ATP5B,I437,R,437,FALSE,1619,538,0.001907102367288777
ATP5B,I440,R,440,FALSE,1800,538,0.002120311464558245
ATP5B,L441,R,441,FALSE,401,538,4.7235827627103126e-4
ATP5B,E445,R,445,FALSE,1286,538,0.0015148447463455017
ATP5B,L446,R,446,FALSE,1172,538,0.0013805583535901461
ATP5B,S447,R,447,FALSE,1602,538,0.001887077203456838
ATP5B,D450,R,450,FALSE,753,538,8.869969626735325e-4
ATP5C,I41,R,41,FALSE,3413,307,0.002294138031558187
ATP5C,I44,R,44,FALSE,2106,307,0.0014156034850458662
ATP5C,M48,R,48,FALSE,2414,307,0.00162263381429284
ATP5C,K55,R,55,FALSE,4722,307,0.0031740169308578253
ATP5C,R100,R,100,TRUE,782268,307,0.5258220831148432
ATP5C,G101,R,101,FALSE,2576,307,0.001731526390065599
ATP5C,L102,R,102,FALSE,2589,307,0.001740264683183166
ATP5C,R253,R,253,TRUE,741844,307,0.4986500245775715
ATP5A1,A445,S,445,FALSE,1031,562,0.0012686442682954024
ATP5A1,F446,S,446,FALSE,1176,562,0.0014470665950682764
ATP5A1,F449,S,449,FALSE,589,562,7.247637963394683e-4
ATP5A1,D452,S,452,FALSE,1822,562,0.0022419688233115643
ATP5B,D436,S,436,FALSE,2092,538,0.0024642731021421384
ATP5B,I437,S,437,FALSE,3350,538,0.0039461352257056225
ATP5B,I440,S,440,FALSE,1514,538,0.0017834175318562127
ATP5B,L441,S,441,FALSE,592,538,6.973468816769339e-4
ATP5B,E445,S,445,FALSE,1231,538,0.001450057451595111
ATP5B,L446,S,446,FALSE,859,538,0.0010118597489197404
ATP5B,S447,S,447,TRUE,238808,538,0.2813040779045696
ATP5B,D450,S,450,FALSE,706,538,8.316332744322894e-4
ATP5C,I41,S,41,FALSE,3395,307,0.0022820388564723246
ATP5C,I44,S,44,FALSE,2595,307,0.0017442977415451201
ATP5C,M48,S,48,FALSE,1034,307,6.95030391043412e-4
ATP5C,K55,S,55,FALSE,4087,307,0.002747184920884357
ATP5C,R100,S,100,FALSE,2529,307,0.0016999340995636257
ATP5C,G101,S,101,FALSE,2088,307,0.0014035043099600041
ATP5C,L102,S,102,FALSE,2928,307,0.001968132480633569
ATP5C,R253,S,253,FALSE,8173,307,0.005493697665375054
ATP5A1,A445,T,445,FALSE,647,562,7.961327270486181e-4
ATP5A1,F446,T,446,FALSE,1558,562,0.0019171171387044003
ATP5A1,Q448,T,448,FALSE,1493,562,0.0018371347163579394
ATP5A1,F449,T,449,FALSE,827,562,0.001017622512008048
ATP5A1,D452,T,452,FALSE,2232,562,0.0027464733334969325
ATP5B,D436,T,436,FALSE,1505,538,0.0017728159745334215
ATP5B,I437,T,437,FALSE,2561,538,0.0030167320337409253
ATP5B,I440,T,440,FALSE,1013,538,0.0011932641742208347
ATP5B,L441,T,441,FALSE,361,538,4.252402437252925e-4
ATP5B,E445,T,445,FALSE,1180,538,0.001389981960099294
ATP5B,L446,T,446,FALSE,586,538,6.902791767950731e-4
ATP5B,S447,T,447,FALSE,1855,538,0.002185098759308636
ATP5B,D450,T,450,FALSE,636,538,7.491767174772466e-4
ATP5C,I41,T,41,FALSE,3249,307,0.00218390110299811
ATP5C,I44,T,44,FALSE,3370,307,0.0022652344466308496
ATP5C,M48,T,48,FALSE,2075,307,0.0013947660168424371
ATP5C,K55,T,55,FALSE,4063,307,0.0027310526874365407
ATP5C,R100,T,100,FALSE,4482,307,0.003012694596379664
ATP5C,G101,T,101,FALSE,3218,307,0.0021630636347946806
ATP5C,L102,T,102,FALSE,2859,307,0.0019217523094710975
ATP5C,R253,T,253,FALSE,8799,307,0.005914480087805592
ATP5A1,A445,V,445,FALSE,1136,562,0.0013978466428550696
ATP5A1,F446,V,446,FALSE,1808,562,0.002224741840036942
ATP5A1,Q448,V,448,FALSE,1096,562,0.001348626690641863
ATP5A1,F449,V,449,FALSE,680,562,8.367391876245136e-4
ATP5A1,D452,V,452,FALSE,2177,562,0.002678795899203774
ATP5B,D436,V,436,FALSE,1748,538,0.0020590580222487847
ATP5B,I437,V,437,FALSE,3301,538,0.0038884156358370927
ATP5B,I440,V,440,FALSE,1523,538,0.001794019089179004
ATP5B,L441,V,441,FALSE,469,538,5.524589315987872e-4
ATP5B,E445,V,445,FALSE,1150,538,0.0013546434356899897
ATP5B,L446,V,446,FALSE,1467,538,0.0017280538436149698
ATP5B,S447,V,447,FALSE,2391,538,0.0028164803954215355
ATP5B,D450,V,450,FALSE,868,538,0.0010224613062425317
ATP5C,I41,V,41,FALSE,3624,307,0.002435967250620237
ATP5C,I44,V,44,FALSE,3272,307,0.002199361160052267
ATP5C,M48,V,48,FALSE,2173,307,0.0014606393034210198
ATP5C,K55,V,55,FALSE,4026,307,0.0027061821608711572
ATP5C,R100,V,100,FALSE,4016,307,0.002699460396934567
ATP5C,G101,V,101,FALSE,1272,307,8.550083727342553e-4
ATP5C,L102,V,102,FALSE,4148,307,0.002788187680897556
ATP5C,R253,V,253,FALSE,9982,307,0.006709664761504195
ATP5A1,A445,W,445,FALSE,827,562,0.001017622512008048
ATP5A1,F446,W,446,FALSE,1193,562,0.0014679850747588892
ATP5A1,Q448,W,448,FALSE,1522,562,0.0018728191817125141
ATP5A1,F449,W,449,FALSE,822,562,0.0010114700179813972
ATP5A1,D452,W,452,FALSE,1280,562,0.001575038470822614
ATP5B,D436,W,436,FALSE,783,538,9.223354870828367e-4
ATP5B,I437,W,437,FALSE,1692,538,0.0019930927766847505
ATP5B,I440,W,440,FALSE,1003,538,0.0011814846660843999
ATP5B,L441,W,441,FALSE,503,538,5.925092592626651e-4
ATP5B,E445,W,445,FALSE,1536,538,0.001809332449756369
ATP5B,L446,W,446,FALSE,701,538,8.25743520364072e-4
ATP5B,S447,W,447,FALSE,2045,538,0.002408909413900895
ATP5B,D450,W,450,FALSE,1359,538,0.001600835155741475
ATP5C,I41,W,41,FALSE,3343,307,0.0022470856840020566
ATP5C,I44,W,44,FALSE,2418,307,0.0016253225198674761
ATP5C,M48,W,48,FALSE,2724,307,0.0018310084963271318
ATP5C,K55,W,55,FALSE,3820,307,0.0025677138237774023
ATP5C,R100,W,100,FALSE,4983,307,0.003349454969602826
ATP5C,G101,W,101,FALSE,1150,307,7.730028527078566e-4
ATP5C,L102,W,102,FALSE,2803,307,0.0018841104314261934
ATP5C,R253,W,253,FALSE,4253,307,0.0028587662022317517
ATP5C,M48,X,48,FALSE,126,307,8.469422560103473e-5
ATP5A1,A445,Y,445,FALSE,629,562,7.73983748552675e-4
ATP5A1,F446,Y,446,FALSE,1311,562,0.001613183933787849
ATP5A1,Q448,Y,448,FALSE,787,562,9.684025597948414e-4
ATP5A1,F449,Y,449,FALSE,710,562,8.736541517844186e-4
ATP5A1,D452,Y,452,FALSE,2226,562,0.002739090340664952
ATP5B,D436,Y,436,FALSE,1282,538,0.001510132943090928
ATP5B,I437,Y,437,FALSE,2155,538,0.0025384840034016766
ATP5B,I440,Y,440,FALSE,1316,538,0.0015501832707548058
ATP5B,L441,Y,441,FALSE,404,538,4.7589212871196167e-4
ATP5B,E445,Y,445,FALSE,1193,538,0.001405295320676659
ATP5B,L446,Y,446,FALSE,965,538,0.001136722535165948
ATP5B,S447,Y,447,FALSE,1561,538,0.001838781220097456
ATP5B,D450,Y,450,FALSE,937,538,0.0011037399123839308
ATP5C,I41,Y,41,FALSE,2837,307,0.0019069644288105996
ATP5C,I44,Y,44,FALSE,3825,307,0.002571074705745697
ATP5C,M48,Y,48,FALSE,2176,307,0.0014626558326019967
ATP5C,K55,Y,55,FALSE,4663,307,0.003134358523631944
ATP5C,R100,Y,100,FALSE,3714,307,0.0024964631260495475
ATP5C,G101,Y,101,FALSE,2186,307,0.0014693775965385868
ATP5C,L102,Y,102,FALSE,4138,307,0.0027814659169609663
ATP5C,R253,Y,253,FALSE,6447,307,0.004333521209919611
